payment_id,order_id,payment_date,payment_status,amount
1,1,2024-01-03,paid,83975.9
2,2,2024-01-04,voided,27334.94
3,3,2024-01-04,paid,15486.82
4,4,2024-01-05,paid,22025.09
5,5,2024-01-07,paid,12101.55
6,6,2024-01-08,paid,40107.36
7,7,2024-01-10,paid,18637.96
8,8,2024-01-10,paid,2536.48
9,9,2024-01-11,paid,19950.43
10,10,2024-01-12,paid,5123.42
11,11,2024-01-13,paid,87544.41
12,12,2024-01-14,voided,2533.96
13,13,2024-01-17,failed,31630.23
14,14,2024-01-18,paid,6223.36
15,15,2024-01-18,failed,30781.85
16,16,2024-01-18,paid,31411.16
17,17,2024-01-19,paid,10971.76
18,18,2024-01-23,paid,34833.08
19,19,2024-01-23,paid,62741.72
20,20,2024-01-24,paid,20783.58
21,21,2024-01-24,paid,18807.05
22,22,2024-01-26,paid,15441.26
23,23,2024-01-30,paid,17694.36
24,24,2024-01-30,paid,34293.09
25,25,2024-01-30,paid,10963.73
26,26,2024-01-31,paid,17863.12
27,27,2024-02-01,paid,7054.18
28,28,2024-02-05,paid,24441.82
29,29,2024-02-07,paid,87179.19
30,30,2024-02-09,paid,27991.65
31,31,2024-02-09,paid,12130.34
32,32,2024-02-10,paid,59128.38
33,33,2024-02-10,paid,63806.5
34,34,2024-02-11,paid,6061.23
35,35,2024-02-11,paid,7514.59
36,36,2024-02-12,paid,13350.27
37,37,2024-02-14,paid,6162.01
38,38,2024-02-15,paid,30892.73
39,39,2024-02-15,paid,15073.56
40,40,2024-02-15,paid,12187.45
41,41,2024-02-16,paid,4205.32
42,42,2024-02-17,paid,12010.72
43,43,2024-02-17,paid,25754.35
44,44,2024-02-18,paid,70334.77
45,45,2024-02-19,paid,7017.63
46,46,2024-02-22,paid,10149.07
47,47,2024-02-23,paid,10266.2
48,48,2024-02-23,paid,4058.79
49,49,2024-02-24,paid,8773.47
50,50,2024-02-25,paid,51251.64
51,51,2024-02-26,paid,59504.42
52,52,2024-02-28,paid,27870.44
53,53,2024-02-29,paid,29326.44
54,54,2024-02-29,paid,15885.94
55,55,2024-03-02,paid,31934.16
56,56,2024-03-03,paid,12075.34
57,57,2024-03-05,paid,1286.41
58,58,2024-03-05,paid,2425.35
59,59,2024-03-07,paid,2915.23
60,60,2024-03-09,paid,55390.08
61,61,2024-03-09,failed,7658.42
62,62,2024-03-11,paid,13216.08
63,63,2024-03-12,paid,16387.54
64,64,2024-03-15,paid,20670.32
65,65,2024-03-15,paid,49852.59
66,66,2024-03-18,paid,29116.94
67,67,2024-03-19,paid,24743.91
68,68,2024-03-20,paid,32527.5
69,69,2024-03-22,paid,42521.85
70,70,2024-03-22,paid,29011.02
71,71,2024-03-24,paid,15922.5
72,72,2024-03-24,paid,11061.82
73,73,2024-03-25,paid,3094.89
74,74,2024-03-26,paid,8076.37
75,75,2024-03-26,paid,18155.27
76,76,2024-03-27,paid,13372.09
77,77,2024-03-27,paid,15686.2
78,78,2024-03-28,paid,9880.2
79,79,2024-03-30,paid,46111.48
80,80,2024-03-31,paid,271114.27
81,81,2024-03-31,paid,5859.09
82,82,2024-04-01,paid,1687.42
83,83,2024-04-01,paid,4407.32
84,84,2024-04-02,paid,1300.97
85,85,2024-04-02,paid,14125.37
86,86,2024-04-05,paid,4303.96
87,87,2024-04-05,paid,5793.74
88,88,2024-04-05,paid,25608.95
89,89,2024-04-06,paid,31680.61
90,90,2024-04-07,paid,34981.84
91,91,2024-04-08,paid,6525.82
92,92,2024-04-08,paid,13321.86
93,93,2024-04-08,paid,2502.18
94,94,2024-04-08,failed,4819.33
95,95,2024-04-08,voided,4843.55
96,96,2024-04-09,paid,115522.19
97,97,2024-04-10,paid,28673.57
98,98,2024-04-11,paid,19139.08
99,99,2024-04-12,paid,58809.64
100,100,2024-04-12,paid,37461.23
101,101,2024-04-13,paid,7014.03
102,102,2024-04-14,paid,4767.2
103,103,2024-04-15,paid,26624.71
104,104,2024-04-16,paid,2167.46
105,105,2024-04-16,paid,13904.9
106,106,2024-04-17,paid,2700.29
107,107,2024-04-17,paid,29474.94
108,108,2024-04-17,paid,1270.47
109,109,2024-04-19,paid,21995.18
110,110,2024-04-20,paid,1885.96
111,111,2024-04-20,paid,7276.46
112,112,2024-04-22,paid,36057.58
113,113,2024-04-23,paid,17903.2
114,114,2024-04-24,paid,26316.1
115,115,2024-04-25,paid,134958.79
116,116,2024-04-26,paid,6965.57
117,117,2024-04-27,paid,93399.63
118,118,2024-04-27,paid,5066.5
119,119,2024-04-27,paid,111081.33
120,120,2024-04-27,paid,87836.5
121,121,2024-04-28,paid,2957.07
122,122,2024-04-28,paid,458.2
123,123,2024-04-29,failed,22280.84
124,124,2024-05-02,paid,26791.93
125,125,2024-05-03,paid,12806.8
126,126,2024-05-04,paid,86874.21
127,127,2024-05-05,paid,24888.56
128,128,2024-05-06,voided,12284.35
129,129,2024-05-06,paid,17323.35
130,130,2024-05-08,paid,13801.89
131,131,2024-05-08,paid,3853.82
132,132,2024-05-09,paid,5354.75
133,133,2024-05-09,paid,15090.34
134,134,2024-05-13,paid,34717.53
135,135,2024-05-14,paid,32185.89
136,136,2024-05-15,paid,461.77
137,137,2024-05-15,voided,16013.28
138,138,2024-05-16,paid,7033.92
139,139,2024-05-16,paid,1428.43
140,140,2024-05-16,paid,36425.1
141,141,2024-05-17,paid,28620.59
142,142,2024-05-17,paid,11251.43
143,143,2024-05-18,paid,7339.67
144,144,2024-05-18,paid,37749.93
145,145,2024-05-20,paid,97629.35
146,146,2024-05-21,paid,35386.87
147,147,2024-05-21,paid,10546.95
148,148,2024-05-21,failed,25465.75
149,149,2024-05-22,paid,20740.39
150,150,2024-05-23,paid,18141.45
151,151,2024-05-23,paid,14628.3
152,152,2024-05-23,paid,13671.66
153,153,2024-05-24,paid,7731.2
154,154,2024-05-25,paid,13611.98
155,155,2024-05-26,paid,4698.24
156,156,2024-05-27,paid,123435.53
157,157,2024-05-27,paid,17033.97
158,158,2024-05-27,voided,20281.63
159,159,2024-05-28,failed,19413.12
160,160,2024-05-29,paid,4727.45
161,161,2024-06-03,paid,11691.77
162,162,2024-06-03,paid,43301.95
163,163,2024-06-03,paid,6696.92
164,164,2024-06-04,paid,407.78
165,165,2024-06-04,paid,6174.58
166,166,2024-06-05,paid,6008.82
167,167,2024-06-05,paid,17366.86
168,168,2024-06-05,paid,18842.86
169,169,2024-06-06,paid,45272.89
170,170,2024-06-06,paid,1058.6
171,171,2024-06-08,paid,3300.05
172,172,2024-06-09,paid,40893.63
173,173,2024-06-09,paid,32327.94
174,174,2024-06-10,paid,46721.07
175,175,2024-06-10,paid,38172.95
176,176,2024-06-10,paid,19556.73
177,177,2024-06-11,paid,20209.38
178,178,2024-06-11,paid,1483.2
179,179,2024-06-11,paid,17572.96
180,180,2024-06-13,paid,17330.57
181,181,2024-06-13,paid,17882.72
182,182,2024-06-14,paid,42419.88
183,183,2024-06-14,paid,13469.78
184,184,2024-06-14,paid,4217.24
185,185,2024-06-16,paid,1790.18
186,186,2024-06-16,paid,2456.29
187,187,2024-06-17,paid,15363.09
188,188,2024-06-19,paid,77431.61
189,189,2024-06-19,paid,42504.41
190,190,2024-06-19,voided,18267.76
191,191,2024-06-20,paid,5169.16
192,192,2024-06-21,paid,30832.74
193,193,2024-06-22,paid,43934.97
194,194,2024-06-23,paid,24493.87
195,195,2024-06-24,paid,20386.84
196,196,2024-06-26,paid,68412.97
197,197,2024-06-27,paid,48085.05
198,198,2024-06-28,paid,4901.04
199,199,2024-07-01,paid,43304.89
200,200,2024-07-01,paid,9961.36
201,201,2024-07-02,paid,1873.53
202,202,2024-07-02,voided,9782.36
203,203,2024-07-02,paid,26218.85
204,204,2024-07-02,paid,3874.32
205,205,2024-07-03,paid,1097.15
206,206,2024-07-04,paid,3160.38
207,207,2024-07-05,paid,18431.63
208,208,2024-07-05,paid,1826.01
209,209,2024-07-06,paid,28908.93
210,210,2024-07-06,paid,4089.03
211,211,2024-07-06,failed,17785.02
212,212,2024-07-06,paid,1460.5
213,213,2024-07-06,paid,7941.89
214,214,2024-07-07,failed,1121.74
215,215,2024-07-07,paid,5324.17
216,216,2024-07-08,paid,8480.23
217,217,2024-07-09,paid,618.98
218,218,2024-07-10,failed,28411.98
219,219,2024-07-10,paid,8359.69
220,220,2024-07-10,paid,20481.28
221,221,2024-07-10,paid,15624.91
222,222,2024-07-12,paid,1644.71
223,223,2024-07-12,paid,16811.51
224,224,2024-07-13,paid,7592.87
225,225,2024-07-13,paid,14273.82
226,226,2024-07-13,paid,10395.26
227,227,2024-07-13,paid,9629.43
228,228,2024-07-14,paid,39314.04
229,229,2024-07-15,paid,3038.41
230,230,2024-07-16,paid,1481.59
231,231,2024-07-17,paid,33943.2
232,232,2024-07-17,paid,7694.48
233,233,2024-07-17,voided,17682.11
234,234,2024-07-17,paid,59672.55
235,235,2024-07-18,paid,925.82
236,236,2024-07-19,paid,25214.95
237,237,2024-07-22,paid,2475.9
238,238,2024-07-22,paid,18987.45
239,239,2024-07-22,failed,2155.51
240,240,2024-07-23,paid,33931.86
241,241,2024-07-23,paid,106352.72
242,242,2024-07-23,paid,16850.86
243,243,2024-07-23,paid,12624.76
244,244,2024-07-24,paid,10049.86
245,245,2024-07-24,paid,18532.85
246,246,2024-07-24,paid,27781.1
247,247,2024-07-24,paid,37494.66
248,248,2024-07-25,paid,4572.52
249,249,2024-07-26,paid,132124.12
250,250,2024-07-26,paid,15313.54
251,251,2024-07-27,paid,14561.4
252,252,2024-07-27,paid,5878.46
253,253,2024-07-28,failed,31520.45
254,254,2024-07-29,paid,10037.8
255,255,2024-07-30,paid,97059.5
256,256,2024-07-30,paid,20843.43
257,257,2024-07-30,voided,5967.92
258,258,2024-07-30,paid,7852.5
259,259,2024-07-31,paid,46303.3
260,260,2024-08-01,paid,1373.34
261,261,2024-08-01,paid,24936.2
262,262,2024-08-02,paid,18917.78
263,263,2024-08-02,paid,11355.07
264,264,2024-08-03,paid,46820.5
265,265,2024-08-03,paid,36652.54
266,266,2024-08-03,paid,1911.38
267,267,2024-08-03,paid,34157.2
268,268,2024-08-04,paid,30360.38
269,269,2024-08-04,paid,15155.66
270,270,2024-08-05,paid,14098.71
271,271,2024-08-07,paid,26689.65
272,272,2024-08-08,paid,10867.77
273,273,2024-08-08,paid,3260.92
274,274,2024-08-09,paid,14893.59
275,275,2024-08-09,paid,20658.86
276,276,2024-08-09,paid,9095.55
277,277,2024-08-09,paid,13757.35
278,278,2024-08-09,failed,10485.5
279,279,2024-08-10,paid,19863.14
280,280,2024-08-10,paid,2933.33
281,281,2024-08-10,paid,6720.34
282,282,2024-08-11,paid,7984.37
283,283,2024-08-11,paid,27666.03
284,284,2024-08-11,paid,45105.63
285,285,2024-08-12,paid,66640.26
286,286,2024-08-12,paid,13876.37
287,287,2024-08-12,paid,4474.24
288,288,2024-08-13,paid,42302.52
289,289,2024-08-14,paid,29778.07
290,290,2024-08-15,paid,7036.53
291,291,2024-08-15,paid,2602.65
292,292,2024-08-16,paid,18869.46
293,293,2024-08-16,voided,6229.26
294,294,2024-08-17,paid,3226.54
295,295,2024-08-17,paid,460.36
296,296,2024-08-17,voided,89807.65
297,297,2024-08-17,failed,32795.5
298,298,2024-08-18,paid,2039.86
299,299,2024-08-19,paid,1475.29
300,300,2024-08-19,paid,137480.2
301,301,2024-08-19,paid,15962.31
302,302,2024-08-19,paid,6275.36
303,303,2024-08-19,paid,19189.7
304,304,2024-08-20,paid,16467.0
305,305,2024-08-20,paid,13118.75
306,306,2024-08-21,voided,33292.21
307,307,2024-08-21,paid,4648.62
308,308,2024-08-21,paid,30506.34
309,309,2024-08-21,paid,30342.64
310,310,2024-08-22,paid,14707.21
311,311,2024-08-22,paid,2048.62
312,312,2024-08-22,paid,13311.25
313,313,2024-08-23,paid,45954.74
314,314,2024-08-24,paid,9255.81
315,315,2024-08-25,paid,20336.58
316,316,2024-08-25,paid,13493.28
317,317,2024-08-26,paid,9026.28
318,318,2024-08-27,paid,8926.18
319,319,2024-08-28,paid,1753.82
320,320,2024-08-28,paid,10592.2
321,321,2024-08-28,paid,27541.51
322,322,2024-08-28,paid,3179.77
323,323,2024-08-29,paid,39770.95
324,324,2024-08-29,paid,6227.45
325,325,2024-08-29,paid,2034.42
326,326,2024-08-29,paid,17341.89
327,327,2024-08-30,failed,5986.64
328,328,2024-08-30,paid,14044.43
329,329,2024-09-01,paid,2982.54
330,330,2024-09-01,paid,5086.06
331,331,2024-09-03,paid,2705.09
332,332,2024-09-03,paid,20645.92
333,333,2024-09-03,paid,27903.87
334,334,2024-09-03,paid,35866.66
335,335,2024-09-03,paid,6505.48
336,336,2024-09-03,paid,50461.95
337,337,2024-09-04,paid,29266.74
338,338,2024-09-05,paid,11374.18
339,339,2024-09-05,paid,2719.46
340,340,2024-09-05,paid,10361.53
341,341,2024-09-05,paid,2013.91
342,342,2024-09-06,paid,24940.16
343,343,2024-09-07,paid,7700.56
344,344,2024-09-08,paid,603.03
345,345,2024-09-08,paid,45924.82
346,346,2024-09-09,paid,16175.16
347,347,2024-09-09,paid,39570.87
348,348,2024-09-09,voided,28057.21
349,349,2024-09-09,paid,2489.85
350,350,2024-09-10,failed,6452.6
351,351,2024-09-10,paid,7318.72
352,352,2024-09-11,paid,48470.32
353,353,2024-09-12,paid,32572.64
354,354,2024-09-12,paid,50846.69
355,355,2024-09-12,paid,28499.71
356,356,2024-09-14,paid,42930.27
357,357,2024-09-14,voided,140201.16
358,358,2024-09-15,paid,60138.55
359,359,2024-09-15,paid,8986.33
360,360,2024-09-15,voided,2696.11
361,361,2024-09-15,paid,6886.79
362,362,2024-09-16,paid,3026.21
363,363,2024-09-16,paid,14240.52
364,364,2024-09-17,paid,35574.45
365,365,2024-09-18,paid,18283.18
366,366,2024-09-19,paid,25688.37
367,367,2024-09-19,paid,32741.49
368,368,2024-09-20,paid,6778.14
369,369,2024-09-20,paid,4257.39
370,370,2024-09-20,paid,89974.16
371,371,2024-09-20,paid,62413.03
372,372,2024-09-21,paid,66804.25
373,373,2024-09-22,paid,39352.24
374,374,2024-09-22,voided,65122.4
375,375,2024-09-22,paid,5044.82
376,376,2024-09-22,paid,20344.82
377,377,2024-09-23,paid,32825.7
378,378,2024-09-23,paid,11384.16
379,379,2024-09-24,paid,2838.32
380,380,2024-09-24,paid,7909.92
381,381,2024-09-25,paid,7141.87
382,382,2024-09-25,paid,51088.34
383,383,2024-09-25,paid,52826.99
384,384,2024-09-26,paid,5658.28
385,385,2024-09-26,paid,3936.7
386,386,2024-09-26,paid,6868.02
387,387,2024-09-28,paid,3106.59
388,388,2024-09-28,paid,10649.45
389,389,2024-09-28,paid,26513.72
390,390,2024-09-29,paid,16332.23
391,391,2024-09-29,paid,2755.58
392,392,2024-09-29,paid,53371.58
393,393,2024-09-29,paid,2685.56
394,394,2024-09-30,paid,24100.69
395,395,2024-09-30,paid,5859.82
396,396,2024-09-30,paid,4081.2
397,397,2024-09-30,paid,5314.47
398,398,2024-10-01,paid,1989.79
399,399,2024-10-01,paid,22935.79
400,400,2024-10-02,paid,4266.35
401,401,2024-10-02,paid,4410.4
402,402,2024-10-03,paid,127102.42
403,403,2024-10-03,paid,1366.48
404,404,2024-10-03,paid,68085.2
405,405,2024-10-03,paid,11204.04
406,406,2024-10-04,paid,2985.44
407,407,2024-10-04,paid,1556.87
408,408,2024-10-04,paid,452.57
409,409,2024-10-04,paid,37164.83
410,410,2024-10-04,paid,4005.27
411,411,2024-10-05,paid,50436.4
412,412,2024-10-06,paid,6178.04
413,413,2024-10-06,paid,3024.72
414,414,2024-10-06,paid,5930.4
415,415,2024-10-06,paid,1269.67
416,416,2024-10-07,paid,39679.15
417,417,2024-10-07,paid,11100.6
418,418,2024-10-07,paid,25610.42
419,419,2024-10-09,paid,2120.29
420,420,2024-10-09,voided,17897.05
421,421,2024-10-09,paid,6805.5
422,422,2024-10-09,paid,5519.91
423,423,2024-10-09,paid,103332.02
424,424,2024-10-09,paid,912.24
425,425,2024-10-09,paid,14735.09
426,426,2024-10-10,paid,4018.99
427,427,2024-10-10,paid,1378.75
428,428,2024-10-10,paid,37858.72
429,429,2024-10-10,paid,38548.22
430,430,2024-10-12,paid,3501.7
431,431,2024-10-12,paid,26000.39
432,432,2024-10-12,paid,48074.62
433,433,2024-10-12,paid,25719.38
434,434,2024-10-12,paid,9560.96
435,435,2024-10-12,paid,24444.54
436,436,2024-10-13,paid,14075.22
437,437,2024-10-13,paid,12174.58
438,438,2024-10-13,paid,18505.12
439,439,2024-10-13,failed,2494.19
440,440,2024-10-13,paid,15919.57
441,441,2024-10-14,paid,18957.65
442,442,2024-10-14,paid,13044.8
443,443,2024-10-15,failed,15487.5
444,444,2024-10-15,paid,33541.02
445,445,2024-10-16,paid,19484.57
446,446,2024-10-16,paid,1011.24
447,447,2024-10-17,paid,33421.1
448,448,2024-10-17,paid,2592.02
449,449,2024-10-17,paid,24996.58
450,450,2024-10-18,paid,40739.75
451,451,2024-10-18,paid,3475.36
452,452,2024-10-18,paid,8668.23
453,453,2024-10-18,paid,7614.7
454,454,2024-10-19,paid,37963.37
455,455,2024-10-19,paid,4349.71
456,456,2024-10-19,paid,6406.02
457,457,2024-10-19,paid,10232.9
458,458,2024-10-20,paid,29892.33
459,459,2024-10-20,paid,57545.2
460,460,2024-10-21,paid,57630.97
461,461,2024-10-21,paid,3426.29
462,462,2024-10-21,paid,18300.27
463,463,2024-10-22,paid,27778.59
464,464,2024-10-23,paid,27840.35
465,465,2024-10-23,paid,1128.26
466,466,2024-10-23,paid,59308.87
467,467,2024-10-23,paid,25144.78
468,468,2024-10-23,paid,13827.0
469,469,2024-10-24,paid,2947.94
470,470,2024-10-24,paid,12544.56
471,471,2024-10-24,paid,23675.26
472,472,2024-10-24,paid,174414.38
473,473,2024-10-25,paid,1746.71
474,474,2024-10-25,paid,29806.68
475,475,2024-10-25,paid,19048.42
476,476,2024-10-26,paid,3192.01
477,477,2024-10-26,paid,47878.75
478,478,2024-10-26,paid,35770.48
479,479,2024-10-26,paid,24398.99
480,480,2024-10-26,paid,11516.53
481,481,2024-10-27,paid,32207.26
482,482,2024-10-27,paid,7744.32
483,483,2024-10-28,paid,32398.91
484,484,2024-10-28,paid,4804.02
485,485,2024-10-28,paid,6695.57
486,486,2024-10-28,paid,3209.12
487,487,2024-10-30,paid,1732.23
488,488,2024-10-30,paid,12874.24
489,489,2024-11-01,paid,7032.11
490,490,2024-11-01,paid,20421.58
491,491,2024-11-02,paid,14414.41
492,492,2024-11-03,paid,7208.27
493,493,2024-11-03,paid,4359.4
494,494,2024-11-03,paid,7045.89
495,495,2024-11-04,paid,8706.41
496,496,2024-11-04,paid,14990.0
497,497,2024-11-04,paid,12913.3
498,498,2024-11-04,paid,21777.53
499,499,2024-11-04,paid,1797.55
500,500,2024-11-04,paid,22403.38
501,501,2024-11-05,paid,45802.53
502,502,2024-11-05,paid,17213.11
503,503,2024-11-06,paid,56730.83
504,504,2024-11-07,paid,28284.42
505,505,2024-11-07,paid,6825.17
506,506,2024-11-08,paid,17799.0
507,507,2024-11-10,paid,6866.74
508,508,2024-11-10,paid,2940.01
509,509,2024-11-10,paid,38451.25
510,510,2024-11-10,paid,2349.48
511,511,2024-11-11,paid,11136.76
512,512,2024-11-11,paid,9912.87
513,513,2024-11-11,paid,94579.55
514,514,2024-11-12,paid,8314.46
515,515,2024-11-12,paid,517.14
516,516,2024-11-13,paid,13669.43
517,517,2024-11-13,paid,43230.59
518,518,2024-11-13,paid,14666.75
519,519,2024-11-14,paid,5293.23
520,520,2024-11-14,paid,15068.14
521,521,2024-11-15,paid,26947.77
522,522,2024-11-15,paid,33842.5
523,523,2024-11-15,paid,28996.98
524,524,2024-11-15,paid,3950.65
525,525,2024-11-16,paid,62856.53
526,526,2024-11-16,paid,8335.62
527,527,2024-11-17,paid,18035.06
528,528,2024-11-17,voided,31570.11
529,529,2024-11-17,paid,2989.33
530,530,2024-11-18,paid,15678.34
531,531,2024-11-18,paid,8807.28
532,532,2024-11-18,voided,30753.48
533,533,2024-11-19,paid,504.18
534,534,2024-11-19,paid,33147.55
535,535,2024-11-19,paid,6703.08
536,536,2024-11-20,paid,53016.25
537,537,2024-11-21,paid,49097.6
538,538,2024-11-21,paid,23140.6
539,539,2024-11-23,paid,2079.01
540,540,2024-11-23,paid,40048.07
541,541,2024-11-24,paid,35457.99
542,542,2024-11-24,paid,1395.28
543,543,2024-11-24,paid,45176.95
544,544,2024-11-25,paid,3066.86
545,545,2024-11-26,paid,8226.44
546,546,2024-11-26,paid,16482.28
547,547,2024-11-26,paid,16861.29
548,548,2024-11-26,paid,16869.48
549,549,2024-11-26,paid,27804.24
550,550,2024-11-26,paid,2896.0
551,551,2024-11-27,paid,23146.51
552,552,2024-11-27,paid,25804.85
553,553,2024-11-27,paid,4633.7
554,554,2024-11-28,paid,20667.85
555,555,2024-11-28,failed,56210.97
556,556,2024-11-28,paid,30082.48
557,557,2024-11-28,failed,5335.66
558,558,2024-11-29,paid,23068.82
559,559,2024-11-30,paid,8956.26
560,560,2024-11-30,paid,4512.72
561,561,2024-11-30,paid,3113.16
562,562,2024-12-01,paid,6929.65
563,563,2024-12-01,paid,25591.62
564,564,2024-12-01,paid,27891.41
565,565,2024-12-01,paid,42302.58
566,566,2024-12-01,paid,9102.43
567,567,2024-12-01,paid,39058.26
568,568,2024-12-02,failed,51791.44
569,569,2024-12-02,paid,3301.72
570,570,2024-12-02,paid,4398.17
571,571,2024-12-03,paid,14634.74
572,572,2024-12-03,paid,23775.02
573,573,2024-12-03,paid,9609.19
574,574,2024-12-03,paid,27842.9
575,575,2024-12-04,paid,28884.0
576,576,2024-12-04,paid,19630.84
577,577,2024-12-04,paid,160032.14
578,578,2024-12-05,paid,62075.09
579,579,2024-12-05,paid,14901.16
580,580,2024-12-05,paid,59978.01
581,581,2024-12-05,paid,1801.06
582,582,2024-12-06,paid,21250.7
583,583,2024-12-06,failed,5734.74
584,584,2024-12-06,paid,17933.64
585,585,2024-12-06,paid,13476.3
586,586,2024-12-07,paid,1253.66
587,587,2024-12-07,paid,19690.84
588,588,2024-12-07,paid,2268.61
589,589,2024-12-07,paid,53234.71
590,590,2024-12-07,paid,19523.59
591,591,2024-12-08,paid,4402.96
592,592,2024-12-09,paid,2646.16
593,593,2024-12-09,paid,7480.88
594,594,2024-12-09,paid,30680.16
595,595,2024-12-10,paid,6654.2
596,596,2024-12-10,paid,13907.32
597,597,2024-12-10,paid,2721.92
598,598,2024-12-10,paid,10391.09
599,599,2024-12-10,paid,11233.49
600,600,2024-12-11,voided,2071.02
601,601,2024-12-11,paid,1820.12
602,602,2024-12-11,paid,26803.36
603,603,2024-12-12,paid,3792.95
604,604,2024-12-12,paid,6275.5
605,605,2024-12-12,paid,2800.47
606,606,2024-12-13,paid,14772.82
607,607,2024-12-13,paid,4111.16
608,608,2024-12-13,failed,24862.08
609,609,2024-12-14,paid,27946.76
610,610,2024-12-14,failed,27167.78
611,611,2024-12-14,paid,49195.32
612,612,2024-12-14,paid,30154.45
613,613,2024-12-14,paid,16947.07
614,614,2024-12-15,paid,88487.18
615,615,2024-12-15,paid,17737.07
616,616,2024-12-15,paid,1830.61
617,617,2024-12-15,failed,57601.22
618,618,2024-12-16,paid,12776.66
619,619,2024-12-17,paid,27230.7
620,620,2024-12-18,paid,96631.13
621,621,2024-12-18,paid,16610.24
622,622,2024-12-18,failed,7311.62
623,623,2024-12-19,paid,1927.46
624,624,2024-12-19,paid,26573.93
625,625,2024-12-19,paid,16479.9
626,626,2024-12-20,paid,6134.43
627,627,2024-12-20,paid,1150.12
628,628,2024-12-20,paid,24059.28
629,629,2024-12-21,paid,10746.12
630,630,2024-12-21,paid,12097.34
631,631,2024-12-21,paid,25466.62
632,632,2024-12-21,paid,18970.63
633,633,2024-12-21,paid,11266.56
634,634,2024-12-21,paid,80780.32
635,635,2024-12-21,paid,9712.22
636,636,2024-12-22,paid,11421.72
637,637,2024-12-23,paid,12018.55
638,638,2024-12-23,paid,8002.89
639,639,2024-12-23,paid,1258.92
640,640,2024-12-24,paid,81181.82
641,641,2024-12-24,paid,561.87
642,642,2024-12-24,paid,17412.72
643,643,2024-12-24,voided,23514.94
644,644,2024-12-24,voided,626.09
645,645,2024-12-25,paid,5692.86
646,646,2024-12-25,paid,2637.15
647,647,2024-12-26,paid,25174.15
648,648,2024-12-27,paid,8879.24
649,649,2024-12-27,paid,1795.55
650,650,2024-12-27,paid,22068.09
651,651,2024-12-27,paid,4986.13
652,652,2024-12-28,paid,19642.22
653,653,2024-12-28,paid,15118.39
654,654,2024-12-28,paid,2883.98
655,655,2024-12-28,paid,100366.42
656,656,2024-12-29,paid,12926.6
657,657,2024-12-29,paid,29024.86
658,658,2024-12-30,paid,146504.82
659,659,2024-12-31,paid,10184.87
660,660,2024-12-31,paid,8470.58
661,661,2025-01-01,paid,17852.38
662,662,2025-01-01,paid,7013.82
663,663,2025-01-01,paid,15397.79
664,664,2025-01-01,paid,40625.64
665,665,2025-01-02,paid,50252.3
666,666,2025-01-02,paid,2803.29
667,667,2025-01-02,voided,28255.08
668,668,2025-01-02,paid,38923.94
669,669,2025-01-02,paid,6511.18
670,670,2025-01-02,paid,23901.89
671,671,2025-01-03,paid,914.5
672,672,2025-01-03,paid,57697.6
673,673,2025-01-03,paid,48981.79
674,674,2025-01-04,paid,2041.03
675,675,2025-01-04,paid,6701.74
676,676,2025-01-04,paid,21990.75
677,677,2025-01-04,voided,76731.48
678,678,2025-01-04,paid,17238.94
679,679,2025-01-05,paid,30016.24
680,680,2025-01-05,paid,16390.57
681,681,2025-01-05,failed,51551.85
682,682,2025-01-06,paid,53271.06
683,683,2025-01-06,paid,8927.14
684,684,2025-01-06,paid,3683.39
685,685,2025-01-07,failed,5633.58
686,686,2025-01-07,paid,7524.52
687,687,2025-01-08,paid,16058.12
688,688,2025-01-08,paid,2908.34
689,689,2025-01-08,paid,16103.68
690,690,2025-01-10,paid,18323.88
691,691,2025-01-10,paid,6695.18
692,692,2025-01-10,paid,1687.27
693,693,2025-01-10,paid,136691.88
694,694,2025-01-10,paid,89198.73
695,695,2025-01-10,paid,7172.92
696,696,2025-01-11,paid,29331.59
697,697,2025-01-11,paid,901.5
698,698,2025-01-11,paid,3234.25
699,699,2025-01-12,paid,5048.51
700,700,2025-01-12,paid,11480.69
701,701,2025-01-12,paid,54035.58
702,702,2025-01-13,failed,8508.96
703,703,2025-01-13,paid,16089.71
704,704,2025-01-13,paid,20948.28
705,705,2025-01-14,paid,14902.33
706,706,2025-01-14,paid,30016.33
707,707,2025-01-14,paid,7339.71
708,708,2025-01-14,paid,155784.71
709,709,2025-01-14,paid,1339.43
710,710,2025-01-15,paid,15749.27
711,711,2025-01-15,paid,1645.63
712,712,2025-01-15,paid,132486.78
713,713,2025-01-15,paid,28287.5
714,714,2025-01-15,paid,18309.17
715,715,2025-01-16,voided,45879.62
716,716,2025-01-16,paid,8759.32
717,717,2025-01-16,paid,1896.8
718,718,2025-01-16,paid,23374.93
719,719,2025-01-16,paid,4016.27
720,720,2025-01-16,paid,35769.04
721,721,2025-01-16,paid,8060.81
722,722,2025-01-16,paid,7954.43
723,723,2025-01-16,paid,13090.44
724,724,2025-01-16,paid,2955.34
725,725,2025-01-17,paid,7772.64
726,726,2025-01-17,paid,12978.6
727,727,2025-01-17,paid,7498.68
728,728,2025-01-17,paid,1277.32
729,729,2025-01-17,voided,1617.19
730,730,2025-01-18,paid,2752.0
731,731,2025-01-18,paid,24819.7
732,732,2025-01-18,paid,12028.43
733,733,2025-01-19,paid,12469.27
734,734,2025-01-19,paid,25549.97
735,735,2025-01-19,paid,5615.88
736,736,2025-01-19,paid,10241.46
737,737,2025-01-19,paid,11132.88
738,738,2025-01-20,paid,1997.46
739,739,2025-01-20,paid,1577.02
740,740,2025-01-20,paid,39826.36
741,741,2025-01-20,paid,30040.11
742,742,2025-01-21,paid,15725.94
743,743,2025-01-21,paid,14657.28
744,744,2025-01-21,paid,29667.46
745,745,2025-01-22,paid,10335.12
746,746,2025-01-22,paid,15483.94
747,747,2025-01-22,paid,82875.98
748,748,2025-01-22,paid,1415.5
749,749,2025-01-23,paid,2462.79
750,750,2025-01-23,paid,132658.52
751,751,2025-01-23,paid,45267.85
752,752,2025-01-23,paid,18798.66
753,753,2025-01-24,paid,34666.23
754,754,2025-01-24,paid,9355.97
755,755,2025-01-24,paid,64025.41
756,756,2025-01-24,paid,7988.34
757,757,2025-01-24,paid,10284.69
758,758,2025-01-24,paid,22815.19
759,759,2025-01-24,paid,32345.22
760,760,2025-01-24,paid,3502.94
761,761,2025-01-25,paid,27893.48
762,762,2025-01-25,paid,10275.75
763,763,2025-01-25,failed,85433.33
764,764,2025-01-25,paid,2190.74
765,765,2025-01-25,failed,31919.93
766,766,2025-01-25,paid,70065.25
767,767,2025-01-25,paid,557.64
768,768,2025-01-26,paid,26050.48
769,769,2025-01-26,paid,29342.38
770,770,2025-01-26,paid,6305.44
771,771,2025-01-26,paid,548.29
772,772,2025-01-27,paid,2255.85
773,773,2025-01-27,paid,67759.92
774,774,2025-01-27,paid,12166.47
775,775,2025-01-27,paid,3350.17
776,776,2025-01-27,voided,9050.2
777,777,2025-01-27,paid,32773.19
778,778,2025-01-27,failed,3411.69
779,779,2025-01-27,voided,3175.08
780,780,2025-01-28,paid,10676.34
781,781,2025-01-28,paid,10946.89
782,782,2025-01-28,paid,16041.82
783,783,2025-01-28,paid,17717.26
784,784,2025-01-29,paid,16156.3
785,785,2025-01-29,paid,1064.42
786,786,2025-01-29,paid,7924.27
787,787,2025-01-29,paid,3480.08
788,788,2025-01-30,paid,38962.72
789,789,2025-01-30,paid,9327.2
790,790,2025-01-31,paid,1286.54
791,791,2025-01-31,paid,7908.34
792,792,2025-01-31,paid,36492.61
793,793,2025-01-31,paid,60777.43
794,794,2025-01-31,paid,7641.1
795,795,2025-01-31,paid,6807.59
796,796,2025-02-01,paid,1103.47
797,797,2025-02-01,paid,10042.52
798,798,2025-02-01,paid,2836.59
799,799,2025-02-02,paid,24853.19
800,800,2025-02-02,paid,27335.81
801,801,2025-02-02,paid,1148.46
802,802,2025-02-02,paid,8734.61
803,803,2025-02-03,paid,106168.6
804,804,2025-02-04,paid,81770.31
805,805,2025-02-04,voided,47090.48
806,806,2025-02-05,paid,8508.96
807,807,2025-02-05,failed,22250.26
808,808,2025-02-05,voided,85194.13
809,809,2025-02-05,paid,25820.36
810,810,2025-02-05,paid,31029.19
811,811,2025-02-05,paid,72275.44
812,812,2025-02-05,paid,78699.34
813,813,2025-02-05,paid,17772.58
814,814,2025-02-06,paid,11680.18
815,815,2025-02-06,paid,25643.3
816,816,2025-02-06,paid,5489.47
817,817,2025-02-06,paid,29889.93
818,818,2025-02-06,paid,23256.37
819,819,2025-02-07,failed,8860.04
820,820,2025-02-07,paid,15094.21
821,821,2025-02-07,paid,7593.61
822,822,2025-02-07,paid,2279.54
823,823,2025-02-07,voided,514.0
824,824,2025-02-08,paid,12914.94
825,825,2025-02-08,paid,40769.0
826,826,2025-02-08,paid,20260.68
827,827,2025-02-08,paid,80314.19
828,828,2025-02-08,paid,1586.67
829,829,2025-02-08,paid,22917.42
830,830,2025-02-09,paid,51583.7
831,831,2025-02-09,paid,39612.36
832,832,2025-02-09,paid,39702.13
833,833,2025-02-09,paid,24157.92
834,834,2025-02-10,paid,127838.78
835,835,2025-02-10,paid,6302.42
836,836,2025-02-10,paid,44874.8
837,837,2025-02-10,paid,5368.07
838,838,2025-02-10,voided,36789.08
839,839,2025-02-10,paid,14744.94
840,840,2025-02-12,paid,84165.21
841,841,2025-02-12,paid,15939.3
842,842,2025-02-13,failed,16431.62
843,843,2025-02-13,paid,3349.42
844,844,2025-02-13,paid,8968.47
845,845,2025-02-13,paid,98722.3
846,846,2025-02-13,paid,85556.31
847,847,2025-02-13,paid,2983.15
848,848,2025-02-13,paid,390.84
849,849,2025-02-14,paid,9877.39
850,850,2025-02-14,paid,6906.64
851,851,2025-02-14,paid,2032.58
852,852,2025-02-14,paid,38059.26
853,853,2025-02-15,paid,70878.27
854,854,2025-02-15,paid,19880.76
855,855,2025-02-15,paid,12045.07
856,856,2025-02-15,paid,21288.8
857,857,2025-02-15,paid,13313.28
858,858,2025-02-16,paid,23348.85
859,859,2025-02-16,paid,2048.13
860,860,2025-02-16,paid,33752.54
861,861,2025-02-16,paid,41467.17
862,862,2025-02-16,paid,6178.64
863,863,2025-02-17,paid,5885.22
864,864,2025-02-17,paid,2987.53
865,865,2025-02-17,paid,5916.74
866,866,2025-02-17,paid,7502.42
867,867,2025-02-18,paid,15748.03
868,868,2025-02-18,paid,1274.81
869,869,2025-02-18,paid,57115.68
870,870,2025-02-18,voided,10241.89
871,871,2025-02-19,paid,7504.6
872,872,2025-02-19,paid,12504.78
873,873,2025-02-19,paid,2767.49
874,874,2025-02-19,paid,3960.67
875,875,2025-02-19,paid,7978.69
876,876,2025-02-20,paid,95436.44
877,877,2025-02-20,paid,77297.28
878,878,2025-02-20,paid,1037.06
879,879,2025-02-21,paid,68206.87
880,880,2025-02-21,paid,30715.42
881,881,2025-02-21,paid,4614.12
882,882,2025-02-21,paid,10312.39
883,883,2025-02-22,paid,35598.39
884,884,2025-02-22,paid,2218.44
885,885,2025-02-23,paid,6254.56
886,886,2025-02-23,paid,78100.28
887,887,2025-02-23,paid,22780.23
888,888,2025-02-23,paid,5919.68
889,889,2025-02-23,paid,26866.52
890,890,2025-02-24,paid,61973.82
891,891,2025-02-24,paid,10408.89
892,892,2025-02-25,paid,12822.61
893,893,2025-02-25,voided,6777.82
894,894,2025-02-26,paid,6590.26
895,895,2025-02-26,failed,7351.3
896,896,2025-02-26,paid,17407.85
897,897,2025-02-26,paid,61048.79
898,898,2025-02-26,paid,8885.96
899,899,2025-02-27,paid,15625.94
900,900,2025-02-27,paid,22489.01
901,901,2025-02-28,paid,11846.54
902,902,2025-02-28,paid,6937.61
903,903,2025-02-28,paid,63482.15
904,904,2025-02-28,paid,3067.92
905,905,2025-02-28,paid,67553.09
906,906,2025-03-01,paid,11662.3
907,907,2025-03-01,paid,19428.7
908,908,2025-03-01,paid,2929.84
909,909,2025-03-01,paid,52409.52
910,910,2025-03-01,paid,14807.68
911,911,2025-03-02,paid,6611.08
912,912,2025-03-02,paid,11994.3
913,913,2025-03-03,paid,23628.21
914,914,2025-03-03,paid,7815.19
915,915,2025-03-03,paid,43697.89
916,916,2025-03-03,paid,7543.3
917,917,2025-03-05,paid,3159.62
918,918,2025-03-05,paid,4836.99
919,919,2025-03-05,paid,588.49
920,920,2025-03-05,paid,25693.44
921,921,2025-03-06,paid,25896.93
922,922,2025-03-07,paid,60360.57
923,923,2025-03-07,paid,28422.52
924,924,2025-03-07,paid,28181.17
925,925,2025-03-07,paid,32024.51
926,926,2025-03-07,paid,6166.96
927,927,2025-03-07,paid,5568.12
928,928,2025-03-07,paid,48479.1
929,929,2025-03-08,paid,4159.14
930,930,2025-03-08,paid,13856.69
931,931,2025-03-08,paid,21310.31
932,932,2025-03-09,paid,3906.4
933,933,2025-03-09,paid,1322.79
934,934,2025-03-09,paid,7235.82
935,935,2025-03-09,paid,4365.3
936,936,2025-03-09,paid,12508.97
937,937,2025-03-09,paid,3437.61
938,938,2025-03-10,paid,22685.59
939,939,2025-03-10,paid,3059.68
940,940,2025-03-11,paid,1607.52
941,941,2025-03-11,paid,6004.44
942,942,2025-03-11,paid,17125.51
943,943,2025-03-12,paid,5704.68
944,944,2025-03-13,paid,2820.47
945,945,2025-03-13,paid,16082.68
946,946,2025-03-13,paid,7581.9
947,947,2025-03-13,paid,6268.44
948,948,2025-03-13,paid,2995.41
949,949,2025-03-13,paid,30822.01
950,950,2025-03-13,paid,10714.92
951,951,2025-03-13,paid,9524.55
952,952,2025-03-13,paid,459.42
953,953,2025-03-13,paid,2568.93
954,954,2025-03-13,paid,9674.91
955,955,2025-03-14,paid,27635.16
956,956,2025-03-14,paid,21678.13
957,957,2025-03-14,paid,13968.32
958,958,2025-03-15,paid,4759.28
959,959,2025-03-15,paid,43924.47
960,960,2025-03-15,paid,9335.84
961,961,2025-03-15,paid,27173.07
962,962,2025-03-15,paid,18538.15
963,963,2025-03-15,paid,1860.78
964,964,2025-03-15,paid,3084.13
965,965,2025-03-15,paid,2516.11
966,966,2025-03-15,paid,4941.39
967,967,2025-03-15,paid,34697.9
968,968,2025-03-15,paid,16267.06
969,969,2025-03-16,paid,11642.22
970,970,2025-03-16,paid,145060.48
971,971,2025-03-17,paid,7073.54
972,972,2025-03-17,paid,5681.14
973,973,2025-03-17,paid,5768.72
974,974,2025-03-18,paid,5684.33
975,975,2025-03-18,paid,2483.68
976,976,2025-03-18,paid,2473.39
977,977,2025-03-18,paid,4884.68
978,978,2025-03-19,paid,29981.6
979,979,2025-03-19,paid,54709.32
980,980,2025-03-19,paid,23054.25
981,981,2025-03-19,paid,5684.08
982,982,2025-03-19,paid,13546.63
983,983,2025-03-19,paid,17697.02
984,984,2025-03-20,paid,58587.64
985,985,2025-03-20,paid,10129.59
986,986,2025-03-20,paid,18479.77
987,987,2025-03-20,paid,83056.63
988,988,2025-03-21,paid,7342.05
989,989,2025-03-21,paid,13882.34
990,990,2025-03-21,paid,17811.28
991,991,2025-03-21,paid,8777.27
992,992,2025-03-21,paid,64834.29
993,993,2025-03-21,paid,25712.4
994,994,2025-03-21,paid,6226.81
995,995,2025-03-22,paid,43809.95
996,996,2025-03-23,voided,37007.57
997,997,2025-03-23,paid,28022.96
998,998,2025-03-23,paid,7187.62
999,999,2025-03-23,paid,17957.9
1000,1000,2025-03-23,paid,12599.81
1001,1001,2025-03-24,paid,1020.58
1002,1002,2025-03-24,paid,7545.96
1003,1003,2025-03-24,paid,6174.64
1004,1004,2025-03-25,paid,67087.87
1005,1005,2025-03-25,paid,2584.65
1006,1006,2025-03-25,paid,34392.22
1007,1007,2025-03-25,paid,29301.99
1008,1008,2025-03-25,paid,7576.31
1009,1009,2025-03-25,paid,7150.12
1010,1010,2025-03-25,paid,23421.59
1011,1011,2025-03-27,paid,141781.22
1012,1012,2025-03-27,paid,10981.58
1013,1013,2025-03-28,paid,8938.29
1014,1014,2025-03-28,paid,5617.21
1015,1015,2025-03-28,paid,59330.77
1016,1016,2025-03-28,paid,77607.43
1017,1017,2025-03-28,paid,13190.16
1018,1018,2025-03-28,paid,56473.21
1019,1019,2025-03-29,paid,5807.76
1020,1020,2025-03-29,paid,7232.09
1021,1021,2025-03-29,paid,63280.94
1022,1022,2025-03-29,paid,1543.04
1023,1023,2025-03-29,paid,4527.75
1024,1024,2025-03-30,paid,21104.26
1025,1025,2025-03-30,paid,14273.36
1026,1026,2025-03-30,paid,6084.24
1027,1027,2025-03-30,paid,45030.11
1028,1028,2025-03-31,paid,88946.12
1029,1029,2025-04-01,paid,5883.72
1030,1030,2025-04-01,paid,7473.21
1031,1031,2025-04-01,paid,21261.96
1032,1032,2025-04-01,paid,2226.05
1033,1033,2025-04-01,paid,5472.47
1034,1034,2025-04-01,paid,8983.0
1035,1035,2025-04-01,paid,10088.27
1036,1036,2025-04-01,paid,10066.72
1037,1037,2025-04-02,paid,2145.84
1038,1038,2025-04-02,paid,11264.52
1039,1039,2025-04-02,paid,41349.68
1040,1040,2025-04-02,paid,6674.37
1041,1041,2025-04-02,paid,44694.08
1042,1042,2025-04-03,paid,3088.01
1043,1043,2025-04-03,paid,57390.45
1044,1044,2025-04-03,paid,1619.21
1045,1045,2025-04-03,paid,60976.48
1046,1046,2025-04-04,paid,8730.32
1047,1047,2025-04-04,voided,3370.1
1048,1048,2025-04-04,paid,5329.62
1049,1049,2025-04-04,paid,24359.92
1050,1050,2025-04-04,paid,27314.4
1051,1051,2025-04-05,paid,3259.76
1052,1052,2025-04-05,paid,7704.72
1053,1053,2025-04-05,paid,7937.3
1054,1054,2025-04-05,paid,53714.71
1055,1055,2025-04-05,paid,14876.55
1056,1056,2025-04-06,paid,1025.25
1057,1057,2025-04-06,failed,13631.82
1058,1058,2025-04-06,paid,44645.42
1059,1059,2025-04-06,paid,4702.47
1060,1060,2025-04-06,paid,17921.09
1061,1061,2025-04-06,paid,58061.14
1062,1062,2025-04-06,paid,60232.28
1063,1063,2025-04-07,paid,14146.07
1064,1064,2025-04-07,paid,15088.68
1065,1065,2025-04-07,paid,33279.05
1066,1066,2025-04-07,paid,50024.45
1067,1067,2025-04-07,paid,1269.24
1068,1068,2025-04-07,paid,10244.25
1069,1069,2025-04-08,paid,2656.78
1070,1070,2025-04-09,paid,23452.46
1071,1071,2025-04-09,paid,35790.15
1072,1072,2025-04-09,paid,46755.51
1073,1073,2025-04-09,paid,554.51
1074,1074,2025-04-09,paid,67171.63
1075,1075,2025-04-09,paid,50721.39
1076,1076,2025-04-10,paid,1717.15
1077,1077,2025-04-10,paid,14730.76
1078,1078,2025-04-10,paid,3531.01
1079,1079,2025-04-10,paid,46079.85
1080,1080,2025-04-10,paid,14231.86
1081,1081,2025-04-10,paid,38304.39
1082,1082,2025-04-10,paid,10221.35
1083,1083,2025-04-11,paid,9877.44
1084,1084,2025-04-11,paid,10761.19
1085,1085,2025-04-11,paid,6624.21
1086,1086,2025-04-13,paid,2712.91
1087,1087,2025-04-13,paid,11596.34
1088,1088,2025-04-13,paid,2861.96
1089,1089,2025-04-13,paid,16802.3
1090,1090,2025-04-13,paid,3700.63
1091,1091,2025-04-13,paid,6352.38
1092,1092,2025-04-14,voided,18115.76
1093,1093,2025-04-14,paid,52573.02
1094,1094,2025-04-14,paid,35007.48
1095,1095,2025-04-14,paid,6337.32
1096,1096,2025-04-14,paid,17504.53
1097,1097,2025-04-15,paid,2785.19
1098,1098,2025-04-15,paid,52093.94
1099,1099,2025-04-15,paid,18451.95
1100,1100,2025-04-15,paid,45407.7
1101,1101,2025-04-16,paid,7943.91
1102,1102,2025-04-16,paid,57896.84
1103,1103,2025-04-16,paid,17683.38
1104,1104,2025-04-16,paid,3885.46
1105,1105,2025-04-17,paid,50695.68
1106,1106,2025-04-17,paid,26790.12
1107,1107,2025-04-17,paid,15208.05
1108,1108,2025-04-17,paid,11569.11
1109,1109,2025-04-17,paid,10283.39
1110,1110,2025-04-17,paid,12884.24
1111,1111,2025-04-17,paid,3187.53
1112,1112,2025-04-18,paid,7590.48
1113,1113,2025-04-18,paid,21404.59
1114,1114,2025-04-18,paid,8254.99
1115,1115,2025-04-18,paid,32118.71
1116,1116,2025-04-18,paid,42717.48
1117,1117,2025-04-19,paid,27957.06
1118,1118,2025-04-19,paid,61579.62
1119,1119,2025-04-20,paid,26328.83
1120,1120,2025-04-21,paid,11741.66
1121,1121,2025-04-21,paid,1131.63
1122,1122,2025-04-21,paid,1217.76
1123,1123,2025-04-21,failed,459.79
1124,1124,2025-04-21,paid,60265.76
1125,1125,2025-04-22,paid,1902.04
1126,1126,2025-04-22,paid,23007.06
1127,1127,2025-04-22,paid,30138.37
1128,1128,2025-04-22,paid,2724.38
1129,1129,2025-04-23,paid,8920.92
1130,1130,2025-04-23,paid,18283.36
1131,1131,2025-04-23,paid,26650.29
1132,1132,2025-04-23,paid,46044.85
1133,1133,2025-04-24,voided,62086.17
1134,1134,2025-04-24,paid,3105.98
1135,1135,2025-04-24,paid,6118.3
1136,1136,2025-04-24,paid,27356.18
1137,1137,2025-04-24,paid,137334.38
1138,1138,2025-04-24,paid,1640.7
1139,1139,2025-04-25,paid,19450.21
1140,1140,2025-04-25,paid,3417.77
1141,1141,2025-04-25,paid,24981.57
1142,1142,2025-04-26,paid,36331.59
1143,1143,2025-04-26,paid,25332.72
1144,1144,2025-04-26,paid,1968.72
1145,1145,2025-04-26,paid,9043.37
1146,1146,2025-04-27,paid,5820.61
1147,1147,2025-04-27,paid,27616.24
1148,1148,2025-04-27,paid,16747.06
1149,1149,2025-04-27,paid,33780.56
1150,1150,2025-04-28,paid,6626.4
1151,1151,2025-04-28,paid,28263.0
1152,1152,2025-04-28,paid,9049.54
1153,1153,2025-04-28,paid,37432.53
1154,1154,2025-04-28,paid,22946.47
1155,1155,2025-04-29,paid,5933.19
1156,1156,2025-04-29,paid,7978.81
1157,1157,2025-04-29,paid,1149.42
1158,1158,2025-04-29,paid,57853.42
1159,1159,2025-04-29,paid,5765.91
1160,1160,2025-04-30,voided,14166.08
1161,1161,2025-04-30,paid,2882.8
1162,1162,2025-04-30,voided,12049.78
1163,1163,2025-04-30,paid,7868.11
1164,1164,2025-04-30,paid,15601.87
1165,1165,2025-04-30,paid,10044.14
1166,1166,2025-04-30,paid,54755.56
1167,1167,2025-05-01,failed,13314.09
1168,1168,2025-05-01,paid,23470.93
1169,1169,2025-05-01,paid,3558.44
1170,1170,2025-05-01,paid,6650.32
1171,1171,2025-05-01,paid,53377.19
1172,1172,2025-05-01,paid,24851.34
1173,1173,2025-05-01,paid,5871.31
1174,1174,2025-05-01,paid,1779.03
1175,1175,2025-05-02,paid,17132.47
1176,1176,2025-05-02,paid,16254.91
1177,1177,2025-05-02,paid,1204.98
1178,1178,2025-05-03,paid,13492.58
1179,1179,2025-05-03,paid,52365.53
1180,1180,2025-05-03,paid,14528.69
1181,1181,2025-05-03,paid,2853.42
1182,1182,2025-05-03,paid,9975.49
1183,1183,2025-05-03,paid,104847.54
1184,1184,2025-05-03,paid,3790.6
1185,1185,2025-05-04,paid,977.76
1186,1186,2025-05-04,paid,15345.9
1187,1187,2025-05-04,paid,34121.53
1188,1188,2025-05-04,paid,10737.48
1189,1189,2025-05-04,paid,10007.32
1190,1190,2025-05-04,paid,4828.46
1191,1191,2025-05-04,paid,26850.25
1192,1192,2025-05-04,paid,10486.88
1193,1193,2025-05-05,paid,35730.39
1194,1194,2025-05-05,failed,7631.26
1195,1195,2025-05-05,voided,27617.82
1196,1196,2025-05-05,paid,26008.26
1197,1197,2025-05-05,paid,27700.09
1198,1198,2025-05-06,failed,24610.6
1199,1199,2025-05-06,paid,842.0
1200,1200,2025-05-06,paid,22011.83
1201,1201,2025-05-07,paid,27334.1
1202,1202,2025-05-07,paid,5509.58
1203,1203,2025-05-07,paid,6403.12
1204,1204,2025-05-07,paid,26609.87
1205,1205,2025-05-07,paid,1793.65
1206,1206,2025-05-08,paid,1294.25
1207,1207,2025-05-08,paid,9050.1
1208,1208,2025-05-08,paid,6204.13
1209,1209,2025-05-08,paid,17646.13
1210,1210,2025-05-08,paid,16419.73
1211,1211,2025-05-09,failed,10919.69
1212,1212,2025-05-09,paid,6464.29
1213,1213,2025-05-10,paid,1783.66
1214,1214,2025-05-10,voided,35281.62
1215,1215,2025-05-10,paid,1366.02
1216,1216,2025-05-10,paid,23556.56
1217,1217,2025-05-11,paid,11846.46
1218,1218,2025-05-11,paid,24863.1
1219,1219,2025-05-11,paid,3179.61
1220,1220,2025-05-11,paid,38030.22
1221,1221,2025-05-11,paid,6968.12
1222,1222,2025-05-11,paid,15867.31
1223,1223,2025-05-11,paid,79674.05
1224,1224,2025-05-12,failed,25412.31
1225,1225,2025-05-12,paid,55004.71
1226,1226,2025-05-12,paid,25036.17
1227,1227,2025-05-12,paid,14982.18
1228,1228,2025-05-12,paid,20256.14
1229,1229,2025-05-12,paid,3108.45
1230,1230,2025-05-13,paid,12311.21
1231,1231,2025-05-13,paid,77116.94
1232,1232,2025-05-13,paid,5705.16
1233,1233,2025-05-13,paid,1541.46
1234,1234,2025-05-13,paid,7580.63
1235,1235,2025-05-13,voided,82284.73
1236,1236,2025-05-14,paid,15019.81
1237,1237,2025-05-14,paid,12925.46
1238,1238,2025-05-14,paid,9859.04
1239,1239,2025-05-14,paid,3719.2
1240,1240,2025-05-14,voided,2650.89
1241,1241,2025-05-14,paid,10303.31
1242,1242,2025-05-15,paid,16218.9
1243,1243,2025-05-15,paid,4587.33
1244,1244,2025-05-15,paid,19362.1
1245,1245,2025-05-15,paid,28010.69
1246,1246,2025-05-16,paid,12591.77
1247,1247,2025-05-16,paid,95696.5
1248,1248,2025-05-16,paid,944.91
1249,1249,2025-05-16,paid,21460.27
1250,1250,2025-05-16,paid,12545.85
1251,1251,2025-05-16,paid,18132.42
1252,1252,2025-05-16,paid,13008.86
1253,1253,2025-05-17,paid,3167.38
1254,1254,2025-05-17,paid,9071.55
1255,1255,2025-05-17,paid,29110.35
1256,1256,2025-05-17,paid,6360.7
1257,1257,2025-05-17,paid,944.58
1258,1258,2025-05-18,paid,1541.79
1259,1259,2025-05-18,paid,11480.08
1260,1260,2025-05-18,paid,2941.6
1261,1261,2025-05-18,paid,41811.18
1262,1262,2025-05-18,paid,16176.72
1263,1263,2025-05-18,paid,1586.81
1264,1264,2025-05-18,paid,4093.21
1265,1265,2025-05-18,paid,48441.02
1266,1266,2025-05-18,paid,2842.04
1267,1267,2025-05-19,paid,11120.55
1268,1268,2025-05-19,failed,40891.08
1269,1269,2025-05-19,paid,13781.94
1270,1270,2025-05-20,voided,59831.66
1271,1271,2025-05-20,paid,29787.27
1272,1272,2025-05-20,paid,17500.37
1273,1273,2025-05-20,paid,22889.33
1274,1274,2025-05-20,failed,3210.74
1275,1275,2025-05-20,paid,24708.89
1276,1276,2025-05-20,paid,16561.7
1277,1277,2025-05-21,paid,5457.48
1278,1278,2025-05-22,paid,18550.03
1279,1279,2025-05-22,failed,67122.77
1280,1280,2025-05-23,paid,10398.02
1281,1281,2025-05-23,paid,29378.32
1282,1282,2025-05-23,paid,43396.75
1283,1283,2025-05-23,paid,7773.76
1284,1284,2025-05-23,paid,9400.8
1285,1285,2025-05-23,paid,51450.44
1286,1286,2025-05-24,paid,17955.56
1287,1287,2025-05-24,paid,38693.29
1288,1288,2025-05-24,paid,25680.9
1289,1289,2025-05-24,paid,5744.17
1290,1290,2025-05-24,paid,50933.42
1291,1291,2025-05-24,failed,44174.62
1292,1292,2025-05-25,paid,1832.67
1293,1293,2025-05-25,paid,7833.85
1294,1294,2025-05-25,paid,48386.35
1295,1295,2025-05-25,paid,10843.61
1296,1296,2025-05-25,paid,62953.71
1297,1297,2025-05-25,paid,38316.19
1298,1298,2025-05-25,paid,71847.73
1299,1299,2025-05-25,paid,26111.62
1300,1300,2025-05-25,paid,3815.68
1301,1301,2025-05-25,paid,10614.92
1302,1302,2025-05-26,paid,44931.51
1303,1303,2025-05-26,paid,18903.68
1304,1304,2025-05-26,paid,5093.5
1305,1305,2025-05-26,paid,25506.38
1306,1306,2025-05-26,paid,2684.81
1307,1307,2025-05-26,paid,10689.3
1308,1308,2025-05-26,voided,4791.81
1309,1309,2025-05-26,paid,45800.75
1310,1310,2025-05-26,paid,39194.99
1311,1311,2025-05-26,paid,32791.37
1312,1312,2025-05-26,paid,15431.84
1313,1313,2025-05-26,paid,470.21
1314,1314,2025-05-26,paid,31815.46
1315,1315,2025-05-26,paid,10567.39
1316,1316,2025-05-27,paid,22321.3
1317,1317,2025-05-27,paid,7021.83
1318,1318,2025-05-27,paid,113147.42
1319,1319,2025-05-27,paid,1432.75
1320,1320,2025-05-27,paid,51600.63
1321,1321,2025-05-28,paid,2246.66
1322,1322,2025-05-28,paid,15616.04
1323,1323,2025-05-28,paid,19434.76
1324,1324,2025-05-29,paid,9466.52
1325,1325,2025-05-29,paid,7810.22
1326,1326,2025-05-29,paid,2642.62
1327,1327,2025-05-29,paid,9949.15
1328,1328,2025-05-30,paid,5518.51
1329,1329,2025-05-30,paid,65399.85
1330,1330,2025-05-30,voided,152206.03
1331,1331,2025-05-30,paid,90996.53
1332,1332,2025-05-30,paid,2101.53
1333,1333,2025-05-31,paid,6734.83
1334,1334,2025-05-31,paid,1032.02
1335,1335,2025-05-31,paid,42471.57
1336,1336,2025-05-31,paid,7120.78
1337,1337,2025-05-31,voided,68447.8
1338,1338,2025-06-01,paid,13488.15
1339,1339,2025-06-01,paid,5889.32
1340,1340,2025-06-02,paid,6927.4
1341,1341,2025-06-02,paid,2634.6
1342,1342,2025-06-02,paid,14801.26
1343,1343,2025-06-02,paid,15451.85
1344,1344,2025-06-02,paid,4078.74
1345,1345,2025-06-02,paid,2665.96
1346,1346,2025-06-02,paid,24986.52
1347,1347,2025-06-02,paid,1784.25
1348,1348,2025-06-03,paid,5100.46
1349,1349,2025-06-03,paid,36059.32
1350,1350,2025-06-03,paid,1282.52
1351,1351,2025-06-03,paid,40409.2
1352,1352,2025-06-03,paid,7353.33
1353,1353,2025-06-04,paid,1355.86
1354,1354,2025-06-04,paid,1834.93
1355,1355,2025-06-04,paid,67932.51
1356,1356,2025-06-04,paid,12529.76
1357,1357,2025-06-04,paid,5674.28
1358,1358,2025-06-04,paid,9918.02
1359,1359,2025-06-04,paid,8111.74
1360,1360,2025-06-05,paid,5537.45
1361,1361,2025-06-05,paid,13950.29
1362,1362,2025-06-05,paid,51167.62
1363,1363,2025-06-05,paid,31571.45
1364,1364,2025-06-05,paid,8458.64
1365,1365,2025-06-06,paid,9182.81
1366,1366,2025-06-06,paid,6470.8
1367,1367,2025-06-06,paid,7855.07
1368,1368,2025-06-06,paid,70471.21
1369,1369,2025-06-07,paid,4025.78
1370,1370,2025-06-07,paid,1173.32
1371,1371,2025-06-07,paid,10020.32
1372,1372,2025-06-07,paid,11419.11
1373,1373,2025-06-07,failed,5981.75
1374,1374,2025-06-07,paid,44029.34
1375,1375,2025-06-08,paid,34133.25
1376,1376,2025-06-08,paid,97579.36
1377,1377,2025-06-08,paid,1928.07
1378,1378,2025-06-08,paid,14551.41
1379,1379,2025-06-08,paid,1780.74
1380,1380,2025-06-08,paid,899.31
1381,1381,2025-06-09,failed,122428.21
1382,1382,2025-06-10,failed,16019.49
1383,1383,2025-06-10,paid,71342.02
1384,1384,2025-06-10,paid,8677.78
1385,1385,2025-06-10,paid,23232.17
1386,1386,2025-06-10,paid,21140.51
1387,1387,2025-06-11,paid,46643.82
1388,1388,2025-06-11,paid,2173.53
1389,1389,2025-06-11,paid,9497.15
1390,1390,2025-06-11,paid,23861.83
1391,1391,2025-06-11,voided,2642.76
1392,1392,2025-06-12,paid,5435.08
1393,1393,2025-06-12,paid,14228.95
1394,1394,2025-06-12,paid,7735.26
1395,1395,2025-06-13,paid,21535.45
1396,1396,2025-06-13,paid,67752.23
1397,1397,2025-06-13,paid,9729.64
1398,1398,2025-06-13,paid,43824.61
1399,1399,2025-06-13,paid,92561.69
1400,1400,2025-06-13,paid,96042.05
1401,1401,2025-06-14,paid,93186.03
1402,1402,2025-06-14,paid,35776.0
1403,1403,2025-06-14,paid,51551.6
1404,1404,2025-06-14,paid,45194.42
1405,1405,2025-06-15,paid,5787.5
1406,1406,2025-06-15,paid,17650.15
1407,1407,2025-06-15,paid,6170.41
1408,1408,2025-06-15,paid,46340.16
1409,1409,2025-06-15,paid,55619.17
1410,1410,2025-06-16,paid,17232.7
1411,1411,2025-06-16,paid,1492.26
1412,1412,2025-06-16,paid,1409.28
1413,1413,2025-06-16,paid,6543.4
1414,1414,2025-06-16,paid,21833.38
1415,1415,2025-06-16,paid,97857.52
1416,1416,2025-06-17,voided,21466.07
1417,1417,2025-06-17,paid,31184.77
1418,1418,2025-06-17,paid,12274.53
1419,1419,2025-06-18,paid,23291.51
1420,1420,2025-06-18,paid,22309.69
1421,1421,2025-06-18,paid,11386.61
1422,1422,2025-06-18,voided,3084.62
1423,1423,2025-06-18,paid,9218.3
1424,1424,2025-06-18,paid,36050.13
1425,1425,2025-06-18,paid,31869.06
1426,1426,2025-06-19,paid,4877.77
1427,1427,2025-06-21,paid,46056.99
1428,1428,2025-06-21,paid,14193.52
1429,1429,2025-06-21,paid,2386.86
1430,1430,2025-06-21,paid,6738.45
1431,1431,2025-06-22,paid,14687.66
1432,1432,2025-06-22,paid,5782.67
1433,1433,2025-06-23,paid,3040.55
1434,1434,2025-06-24,paid,2841.34
1435,1435,2025-06-24,paid,15981.05
1436,1436,2025-06-24,paid,4665.81
1437,1437,2025-06-24,paid,4706.08
1438,1438,2025-06-24,paid,41840.77
1439,1439,2025-06-25,paid,15975.08
1440,1440,2025-06-25,paid,7859.57
1441,1441,2025-06-25,paid,1223.71
1442,1442,2025-06-25,paid,92280.43
1443,1443,2025-06-26,paid,48003.26
1444,1444,2025-06-26,paid,467.61
1445,1445,2025-06-27,paid,17126.92
1446,1446,2025-06-27,paid,22690.69
1447,1447,2025-06-27,failed,31502.86
1448,1448,2025-06-27,paid,14216.1
1449,1449,2025-06-27,paid,11367.63
1450,1450,2025-06-28,paid,13394.31
1451,1451,2025-06-28,paid,8780.51
1452,1452,2025-06-28,paid,16410.24
1453,1453,2025-06-28,paid,12563.89
1454,1454,2025-06-29,paid,12892.68
1455,1455,2025-06-29,paid,5442.87
1456,1456,2025-06-29,paid,31016.58
1457,1457,2025-06-29,paid,30601.44
1458,1458,2025-06-29,paid,36212.98
1459,1459,2025-06-29,paid,26495.6
1460,1460,2025-06-30,paid,71202.8
1461,1461,2025-06-30,paid,15064.38
1462,1462,2025-06-30,paid,55659.6
1463,1463,2025-06-30,paid,3378.5
1464,1464,2025-06-30,paid,41495.76
1465,1465,2025-06-30,paid,26045.17
1466,1466,2025-07-01,paid,54895.76
1467,1467,2025-07-01,paid,46511.41
1468,1468,2025-07-01,paid,19250.02
1469,1469,2025-07-01,paid,8540.14
1470,1470,2025-07-01,paid,16933.93
1471,1471,2025-07-01,paid,40122.06
1472,1472,2025-07-01,paid,13893.88
1473,1473,2025-07-01,paid,14542.27
1474,1474,2025-07-01,voided,25596.53
1475,1475,2025-07-01,paid,14571.52
1476,1476,2025-07-01,paid,6827.98
1477,1477,2025-07-02,paid,87883.32
1478,1478,2025-07-02,paid,9949.41
1479,1479,2025-07-02,paid,76384.45
1480,1480,2025-07-02,paid,3103.62
1481,1481,2025-07-02,paid,19218.78
1482,1482,2025-07-02,paid,87921.78
1483,1483,2025-07-03,paid,4154.26
1484,1484,2025-07-03,paid,119755.64
1485,1485,2025-07-03,paid,6842.43
1486,1486,2025-07-03,paid,15225.6
1487,1487,2025-07-03,paid,1859.18
1488,1488,2025-07-03,paid,12799.55
1489,1489,2025-07-03,paid,3896.32
1490,1490,2025-07-03,paid,9689.45
1491,1491,2025-07-03,paid,8711.8
1492,1492,2025-07-03,voided,16840.3
1493,1493,2025-07-04,paid,54877.24
1494,1494,2025-07-04,paid,108130.37
1495,1495,2025-07-04,paid,48119.06
1496,1496,2025-07-04,paid,2777.08
1497,1497,2025-07-04,paid,97930.98
1498,1498,2025-07-05,paid,4651.66
1499,1499,2025-07-05,paid,1572.6
1500,1500,2025-07-05,paid,9486.19
1501,1501,2025-07-06,voided,4399.14
1502,1502,2025-07-06,paid,6746.46
1503,1503,2025-07-06,paid,12409.84
1504,1504,2025-07-06,paid,34676.59
1505,1505,2025-07-06,paid,6078.27
1506,1506,2025-07-06,paid,30819.66
1507,1507,2025-07-06,paid,3301.04
1508,1508,2025-07-07,paid,34152.75
1509,1509,2025-07-07,paid,3231.85
1510,1510,2025-07-07,paid,3440.31
1511,1511,2025-07-07,paid,13884.32
1512,1512,2025-07-08,paid,8547.03
1513,1513,2025-07-08,paid,5690.44
1514,1514,2025-07-08,paid,68743.86
1515,1515,2025-07-08,paid,3612.23
1516,1516,2025-07-08,paid,2200.8
1517,1517,2025-07-08,paid,38023.15
1518,1518,2025-07-09,failed,36758.32
1519,1519,2025-07-09,paid,7493.98
1520,1520,2025-07-09,paid,2943.5
1521,1521,2025-07-09,paid,1796.96
1522,1522,2025-07-09,failed,20574.15
1523,1523,2025-07-09,paid,7523.18
1524,1524,2025-07-09,paid,4044.1
1525,1525,2025-07-10,paid,6982.82
1526,1526,2025-07-10,paid,2323.05
1527,1527,2025-07-10,paid,22121.97
1528,1528,2025-07-10,paid,1149.68
1529,1529,2025-07-10,failed,53686.89
1530,1530,2025-07-11,voided,33700.88
1531,1531,2025-07-12,paid,1804.98
1532,1532,2025-07-12,failed,44827.46
1533,1533,2025-07-12,paid,12775.81
1534,1534,2025-07-12,paid,3883.8
1535,1535,2025-07-12,paid,16722.64
1536,1536,2025-07-12,paid,15818.31
1537,1537,2025-07-12,paid,32001.61
1538,1538,2025-07-13,paid,89829.69
1539,1539,2025-07-13,paid,13493.04
1540,1540,2025-07-13,paid,1217.62
1541,1541,2025-07-13,paid,8793.85
1542,1542,2025-07-13,paid,6442.35
1543,1543,2025-07-14,paid,53989.18
1544,1544,2025-07-14,voided,7659.36
1545,1545,2025-07-14,paid,12125.5
1546,1546,2025-07-14,paid,2446.48
1547,1547,2025-07-14,failed,4799.87
1548,1548,2025-07-14,voided,5888.42
1549,1549,2025-07-14,paid,15186.61
1550,1550,2025-07-15,paid,64034.79
1551,1551,2025-07-15,paid,18019.09
1552,1552,2025-07-15,paid,47882.1
1553,1553,2025-07-15,paid,34399.13
1554,1554,2025-07-15,paid,57747.84
1555,1555,2025-07-15,paid,15675.57
1556,1556,2025-07-15,paid,21733.29
1557,1557,2025-07-15,paid,12448.2
1558,1558,2025-07-15,paid,4256.97
1559,1559,2025-07-16,paid,58350.49
1560,1560,2025-07-16,paid,2581.53
1561,1561,2025-07-16,paid,2968.26
1562,1562,2025-07-16,paid,25731.21
1563,1563,2025-07-16,paid,19743.25
1564,1564,2025-07-16,paid,25726.61
1565,1565,2025-07-16,paid,60261.42
1566,1566,2025-07-16,paid,3730.5
1567,1567,2025-07-16,paid,16583.15
1568,1568,2025-07-17,paid,29287.44
1569,1569,2025-07-17,paid,7292.87
1570,1570,2025-07-17,paid,4348.8
1571,1571,2025-07-18,paid,14050.51
1572,1572,2025-07-18,failed,793.58
1573,1573,2025-07-18,failed,24359.36
1574,1574,2025-07-18,paid,13864.68
1575,1575,2025-07-18,paid,11030.51
1576,1576,2025-07-18,paid,1304.38
1577,1577,2025-07-18,paid,34052.66
1578,1578,2025-07-19,paid,33448.27
1579,1579,2025-07-19,paid,31353.65
1580,1580,2025-07-19,paid,14740.62
1581,1581,2025-07-19,paid,8518.65
1582,1582,2025-07-19,paid,22383.67
1583,1583,2025-07-20,paid,96756.26
1584,1584,2025-07-20,paid,3556.94
1585,1585,2025-07-20,paid,23298.64
1586,1586,2025-07-20,paid,658.39
1587,1587,2025-07-20,paid,27867.0
1588,1588,2025-07-20,paid,10141.07
1589,1589,2025-07-20,paid,23274.89
1590,1590,2025-07-20,paid,60397.39
1591,1591,2025-07-21,paid,2661.52
1592,1592,2025-07-21,paid,2654.37
1593,1593,2025-07-21,paid,3760.89
1594,1594,2025-07-21,paid,1760.56
1595,1595,2025-07-21,paid,7582.93
1596,1596,2025-07-22,paid,23179.05
1597,1597,2025-07-22,paid,13838.05
1598,1598,2025-07-22,paid,3833.09
1599,1599,2025-07-22,paid,45232.19
1600,1600,2025-07-22,paid,14543.7
1601,1601,2025-07-22,paid,4952.26
1602,1602,2025-07-23,paid,19692.89
1603,1603,2025-07-23,paid,11272.57
1604,1604,2025-07-23,voided,57669.31
1605,1605,2025-07-23,paid,41589.02
1606,1606,2025-07-23,paid,8123.58
1607,1607,2025-07-23,paid,15713.38
1608,1608,2025-07-24,paid,67631.34
1609,1609,2025-07-24,paid,12934.18
1610,1610,2025-07-24,paid,12412.57
1611,1611,2025-07-24,paid,4506.79
1612,1612,2025-07-25,paid,1355.21
1613,1613,2025-07-25,paid,44112.61
1614,1614,2025-07-25,paid,35819.62
1615,1615,2025-07-26,paid,58142.1
1616,1616,2025-07-26,paid,4399.11
1617,1617,2025-07-26,voided,1715.54
1618,1618,2025-07-26,paid,1088.43
1619,1619,2025-07-26,paid,2050.77
1620,1620,2025-07-26,failed,28148.35
1621,1621,2025-07-26,failed,9050.9
1622,1622,2025-07-26,paid,777.5
1623,1623,2025-07-27,paid,19320.03
1624,1624,2025-07-27,paid,2403.33
1625,1625,2025-07-27,paid,46333.81
1626,1626,2025-07-27,paid,7215.58
1627,1627,2025-07-27,paid,8646.75
1628,1628,2025-07-27,paid,30514.8
1629,1629,2025-07-27,paid,32807.52
1630,1630,2025-07-27,paid,24384.68
1631,1631,2025-07-27,paid,1834.39
1632,1632,2025-07-28,paid,17099.94
1633,1633,2025-07-28,paid,17291.14
1634,1634,2025-07-29,paid,19002.76
1635,1635,2025-07-29,paid,15984.25
1636,1636,2025-07-29,paid,29436.66
1637,1637,2025-07-29,paid,15492.73
1638,1638,2025-07-30,paid,37808.77
1639,1639,2025-07-30,failed,23536.06
1640,1640,2025-07-30,paid,52368.92
1641,1641,2025-07-30,paid,24156.8
1642,1642,2025-07-30,paid,54456.03
1643,1643,2025-07-31,paid,28983.47
1644,1644,2025-07-31,paid,3047.13
1645,1645,2025-08-01,paid,1810.5
1646,1646,2025-08-01,paid,17604.75
1647,1647,2025-08-01,paid,23460.06
1648,1648,2025-08-01,paid,9301.09
1649,1649,2025-08-02,paid,3216.15
1650,1650,2025-08-02,paid,5772.16
1651,1651,2025-08-02,paid,3345.71
1652,1652,2025-08-02,paid,23355.53
1653,1653,2025-08-03,paid,9929.54
1654,1654,2025-08-03,paid,672.64
1655,1655,2025-08-03,paid,15041.79
1656,1656,2025-08-03,paid,103743.93
1657,1657,2025-08-03,paid,54060.19
1658,1658,2025-08-03,paid,25719.6
1659,1659,2025-08-03,failed,14645.79
1660,1660,2025-08-04,paid,13912.16
1661,1661,2025-08-04,paid,10039.44
1662,1662,2025-08-04,paid,55437.37
1663,1663,2025-08-04,paid,8747.06
1664,1664,2025-08-04,paid,6002.17
1665,1665,2025-08-04,paid,1304.75
1666,1666,2025-08-04,failed,17522.13
1667,1667,2025-08-04,paid,36420.95
1668,1668,2025-08-05,paid,17945.22
1669,1669,2025-08-05,paid,43750.91
1670,1670,2025-08-05,paid,39224.53
1671,1671,2025-08-05,paid,2637.55
1672,1672,2025-08-06,paid,67732.74
1673,1673,2025-08-06,paid,67998.24
1674,1674,2025-08-06,paid,4135.03
1675,1675,2025-08-06,paid,1200.79
1676,1676,2025-08-06,voided,26858.52
1677,1677,2025-08-06,paid,1742.24
1678,1678,2025-08-06,paid,27280.81
1679,1679,2025-08-06,paid,7027.26
1680,1680,2025-08-06,paid,13026.34
1681,1681,2025-08-06,paid,27354.29
1682,1682,2025-08-07,paid,14246.63
1683,1683,2025-08-07,paid,81477.41
1684,1684,2025-08-07,paid,398.78
1685,1685,2025-08-07,paid,3356.78
1686,1686,2025-08-07,voided,3180.86
1687,1687,2025-08-07,paid,7731.32
1688,1688,2025-08-07,paid,20309.26
1689,1689,2025-08-07,paid,82628.75
1690,1690,2025-08-08,paid,25440.28
1691,1691,2025-08-08,paid,1161.81
1692,1692,2025-08-08,paid,13457.95
1693,1693,2025-08-08,paid,89457.25
1694,1694,2025-08-08,paid,7440.41
1695,1695,2025-08-08,paid,15208.06
1696,1696,2025-08-08,paid,71494.74
1697,1697,2025-08-08,paid,65976.09
1698,1698,2025-08-08,paid,8147.21
1699,1699,2025-08-09,paid,10882.84
1700,1700,2025-08-09,paid,298.99
1701,1701,2025-08-09,paid,81975.06
1702,1702,2025-08-09,paid,3018.18
1703,1703,2025-08-09,paid,24092.23
1704,1704,2025-08-09,paid,3780.44
1705,1705,2025-08-09,paid,46442.58
1706,1706,2025-08-09,paid,20941.61
1707,1707,2025-08-09,paid,24543.95
1708,1708,2025-08-09,paid,23578.16
1709,1709,2025-08-09,paid,19112.96
1710,1710,2025-08-10,paid,42495.14
1711,1711,2025-08-10,paid,2539.86
1712,1712,2025-08-10,paid,7988.17
1713,1713,2025-08-10,paid,50730.71
1714,1714,2025-08-10,paid,3300.86
1715,1715,2025-08-11,paid,1566.75
1716,1716,2025-08-12,paid,10210.89
1717,1717,2025-08-12,paid,2090.0
1718,1718,2025-08-13,paid,5775.12
1719,1719,2025-08-13,paid,95664.34
1720,1720,2025-08-13,paid,37960.83
1721,1721,2025-08-13,paid,20449.85
1722,1722,2025-08-13,paid,4584.23
1723,1723,2025-08-14,paid,30748.27
1724,1724,2025-08-14,paid,5776.77
1725,1725,2025-08-14,paid,19393.88
1726,1726,2025-08-14,paid,30593.51
1727,1727,2025-08-14,paid,54124.51
1728,1728,2025-08-14,paid,20936.4
1729,1729,2025-08-15,paid,34608.2
1730,1730,2025-08-15,paid,7720.32
1731,1731,2025-08-15,paid,50827.78
1732,1732,2025-08-15,paid,24126.33
1733,1733,2025-08-16,paid,2621.0
1734,1734,2025-08-16,paid,16543.28
1735,1735,2025-08-16,voided,1077.88
1736,1736,2025-08-16,paid,18053.08
1737,1737,2025-08-16,paid,27343.87
1738,1738,2025-08-16,paid,81458.69
1739,1739,2025-08-16,paid,1641.18
1740,1740,2025-08-17,voided,3533.3
1741,1741,2025-08-17,paid,54557.12
1742,1742,2025-08-17,paid,3257.56
1743,1743,2025-08-17,paid,16088.92
1744,1744,2025-08-17,paid,99687.25
1745,1745,2025-08-18,paid,7538.47
1746,1746,2025-08-18,paid,398.13
1747,1747,2025-08-18,paid,60012.68
1748,1748,2025-08-19,paid,496.57
1749,1749,2025-08-19,paid,2866.77
1750,1750,2025-08-19,paid,10626.82
1751,1751,2025-08-20,paid,13181.11
1752,1752,2025-08-20,paid,31995.4
1753,1753,2025-08-20,paid,11395.37
1754,1754,2025-08-20,paid,3015.22
1755,1755,2025-08-20,paid,20414.0
1756,1756,2025-08-20,paid,16492.4
1757,1757,2025-08-20,paid,42256.74
1758,1758,2025-08-20,paid,11060.95
1759,1759,2025-08-20,paid,9468.95
1760,1760,2025-08-20,paid,21088.46
1761,1761,2025-08-21,paid,53853.32
1762,1762,2025-08-21,paid,15672.89
1763,1763,2025-08-21,paid,13919.02
1764,1764,2025-08-21,paid,2775.1
1765,1765,2025-08-21,paid,34598.42
1766,1766,2025-08-22,failed,81561.28
1767,1767,2025-08-22,paid,14639.65
1768,1768,2025-08-22,paid,72451.31
1769,1769,2025-08-22,paid,78532.72
1770,1770,2025-08-22,paid,8405.76
1771,1771,2025-08-23,paid,13247.27
1772,1772,2025-08-23,paid,16254.9
1773,1773,2025-08-23,paid,25632.34
1774,1774,2025-08-23,paid,42092.5
1775,1775,2025-08-23,paid,6880.11
1776,1776,2025-08-23,paid,28614.95
1777,1777,2025-08-23,paid,20037.42
1778,1778,2025-08-23,paid,7703.89
1779,1779,2025-08-23,paid,600.98
1780,1780,2025-08-23,paid,9045.54
1781,1781,2025-08-23,paid,1875.52
1782,1782,2025-08-23,paid,70597.79
1783,1783,2025-08-24,paid,372.18
1784,1784,2025-08-24,paid,2076.95
1785,1785,2025-08-24,paid,5569.14
1786,1786,2025-08-24,paid,58594.72
1787,1787,2025-08-24,paid,1375.62
1788,1788,2025-08-24,paid,14658.74
1789,1789,2025-08-25,paid,17519.4
1790,1790,2025-08-25,paid,7442.02
1791,1791,2025-08-25,paid,88705.54
1792,1792,2025-08-25,paid,29711.05
1793,1793,2025-08-25,paid,7547.43
1794,1794,2025-08-25,paid,36686.75
1795,1795,2025-08-25,paid,7800.52
1796,1796,2025-08-25,paid,5988.06
1797,1797,2025-08-26,paid,18773.94
1798,1798,2025-08-26,paid,20557.73
1799,1799,2025-08-26,paid,5322.44
1800,1800,2025-08-26,paid,6371.24
1801,1801,2025-08-26,paid,17277.21
1802,1802,2025-08-26,paid,14919.29
1803,1803,2025-08-26,paid,15417.7
1804,1804,2025-08-26,paid,1997.59
1805,1805,2025-08-27,paid,30884.98
1806,1806,2025-08-27,paid,23085.2
1807,1807,2025-08-27,paid,32261.23
1808,1808,2025-08-27,paid,15663.7
1809,1809,2025-08-27,paid,2701.97
1810,1810,2025-08-27,paid,22614.26
1811,1811,2025-08-28,paid,73110.43
1812,1812,2025-08-28,failed,492.57
1813,1813,2025-08-28,paid,5981.28
1814,1814,2025-08-29,paid,3931.96
1815,1815,2025-08-29,paid,27576.51
1816,1816,2025-08-29,voided,24961.98
1817,1817,2025-08-29,paid,11384.5
1818,1818,2025-08-29,paid,15090.58
1819,1819,2025-08-30,paid,11849.96
1820,1820,2025-08-30,paid,27946.95
1821,1821,2025-08-30,paid,155239.6
1822,1822,2025-08-30,paid,26063.69
1823,1823,2025-08-30,paid,13065.68
1824,1824,2025-08-30,paid,14508.55
1825,1825,2025-08-31,paid,10409.46
1826,1826,2025-08-31,paid,10225.35
1827,1827,2025-08-31,paid,3469.56
1828,1828,2025-08-31,paid,21887.48
1829,1829,2025-08-31,failed,21493.21
1830,1830,2025-09-01,paid,8639.18
1831,1831,2025-09-01,paid,114707.08
1832,1832,2025-09-01,paid,2531.68
1833,1833,2025-09-01,paid,7514.1
1834,1834,2025-09-01,paid,24951.85
1835,1835,2025-09-01,paid,7149.81
1836,1836,2025-09-01,paid,3111.59
1837,1837,2025-09-01,failed,31594.15
1838,1838,2025-09-02,paid,3183.44
1839,1839,2025-09-02,paid,49478.27
1840,1840,2025-09-02,paid,84691.9
1841,1841,2025-09-02,paid,5899.88
1842,1842,2025-09-02,paid,42135.33
1843,1843,2025-09-03,paid,6719.32
1844,1844,2025-09-03,paid,29845.44
1845,1845,2025-09-03,paid,12933.08
1846,1846,2025-09-03,paid,30192.8
1847,1847,2025-09-03,paid,1264.37
1848,1848,2025-09-03,paid,25178.02
1849,1849,2025-09-03,voided,22411.92
1850,1850,2025-09-03,paid,23496.26
1851,1851,2025-09-04,paid,2363.97
1852,1852,2025-09-04,paid,26783.36
1853,1853,2025-09-04,paid,6820.83
1854,1854,2025-09-04,paid,36000.87
1855,1855,2025-09-04,paid,32419.15
1856,1856,2025-09-04,paid,15078.63
1857,1857,2025-09-05,paid,27805.44
1858,1858,2025-09-05,paid,48459.2
1859,1859,2025-09-05,paid,25993.3
1860,1860,2025-09-05,paid,23748.05
1861,1861,2025-09-05,paid,20463.18
1862,1862,2025-09-05,paid,17344.17
1863,1863,2025-09-05,paid,6085.5
1864,1864,2025-09-05,paid,13175.62
1865,1865,2025-09-05,paid,28385.32
1866,1866,2025-09-05,paid,1041.98
1867,1867,2025-09-05,paid,24465.34
1868,1868,2025-09-05,paid,566.31
1869,1869,2025-09-06,paid,4686.13
1870,1870,2025-09-06,paid,6182.83
1871,1871,2025-09-06,paid,38318.19
1872,1872,2025-09-06,paid,19816.59
1873,1873,2025-09-06,voided,495.13
1874,1874,2025-09-06,paid,4541.19
1875,1875,2025-09-06,paid,4409.26
1876,1876,2025-09-06,paid,8375.28
1877,1877,2025-09-06,paid,33912.42
1878,1878,2025-09-06,paid,25986.08
1879,1879,2025-09-06,paid,8053.61
1880,1880,2025-09-06,paid,25856.92
1881,1881,2025-09-07,paid,4900.84
1882,1882,2025-09-07,paid,2677.11
1883,1883,2025-09-07,paid,12512.95
1884,1884,2025-09-07,paid,3052.27
1885,1885,2025-09-08,failed,1325.18
1886,1886,2025-09-09,paid,38552.97
1887,1887,2025-09-09,paid,2205.58
1888,1888,2025-09-09,voided,99785.0
1889,1889,2025-09-09,paid,10799.74
1890,1890,2025-09-09,paid,7112.97
1891,1891,2025-09-09,paid,12335.93
1892,1892,2025-09-09,paid,48718.81
1893,1893,2025-09-10,voided,2935.16
1894,1894,2025-09-10,paid,13908.93
1895,1895,2025-09-10,paid,61356.77
1896,1896,2025-09-10,paid,28736.16
1897,1897,2025-09-10,paid,13147.94
1898,1898,2025-09-11,paid,1958.72
1899,1899,2025-09-11,paid,8554.13
1900,1900,2025-09-11,paid,8276.64
1901,1901,2025-09-11,paid,20918.19
1902,1902,2025-09-11,paid,10753.72
1903,1903,2025-09-11,paid,12496.1
1904,1904,2025-09-11,paid,26883.04
1905,1905,2025-09-11,paid,17625.46
1906,1906,2025-09-12,paid,28252.09
1907,1907,2025-09-12,paid,2035.44
1908,1908,2025-09-12,voided,8577.33
1909,1909,2025-09-12,paid,33037.0
1910,1910,2025-09-12,paid,13342.71
1911,1911,2025-09-12,failed,18530.37
1912,1912,2025-09-12,paid,1910.86
1913,1913,2025-09-12,paid,18568.42
1914,1914,2025-09-12,paid,42671.97
1915,1915,2025-09-12,voided,76741.49
1916,1916,2025-09-12,paid,29264.86
1917,1917,2025-09-12,paid,3779.28
1918,1918,2025-09-13,paid,10842.96
1919,1919,2025-09-13,paid,44124.58
1920,1920,2025-09-13,paid,32737.2
1921,1921,2025-09-14,paid,26224.21
1922,1922,2025-09-14,paid,31239.38
1923,1923,2025-09-14,paid,31738.6
1924,1924,2025-09-14,paid,2898.01
1925,1925,2025-09-14,paid,21028.95
1926,1926,2025-09-14,paid,11870.71
1927,1927,2025-09-14,paid,15251.76
1928,1928,2025-09-14,paid,3248.83
1929,1929,2025-09-15,paid,2463.69
1930,1930,2025-09-15,paid,31299.15
1931,1931,2025-09-15,voided,25989.77
1932,1932,2025-09-15,paid,6720.13
1933,1933,2025-09-15,paid,19112.0
1934,1934,2025-09-15,paid,79277.32
1935,1935,2025-09-16,paid,17672.56
1936,1936,2025-09-16,paid,152233.63
1937,1937,2025-09-16,paid,505.34
1938,1938,2025-09-16,paid,3817.44
1939,1939,2025-09-16,paid,31111.39
1940,1940,2025-09-16,paid,27161.63
1941,1941,2025-09-16,voided,13989.55
1942,1942,2025-09-17,paid,89541.19
1943,1943,2025-09-17,paid,17159.01
1944,1944,2025-09-18,paid,36324.65
1945,1945,2025-09-18,paid,1967.31
1946,1946,2025-09-18,paid,479.02
1947,1947,2025-09-18,paid,35067.22
1948,1948,2025-09-18,paid,20403.34
1949,1949,2025-09-18,paid,33547.63
1950,1950,2025-09-18,paid,6919.2
1951,1951,2025-09-18,paid,4763.18
1952,1952,2025-09-18,paid,390.79
1953,1953,2025-09-18,paid,4126.24
1954,1954,2025-09-19,paid,9028.53
1955,1955,2025-09-19,paid,2988.87
1956,1956,2025-09-19,paid,85439.78
1957,1957,2025-09-19,paid,3171.44
1958,1958,2025-09-19,paid,52932.91
1959,1959,2025-09-19,paid,6710.64
1960,1960,2025-09-19,paid,10367.54
1961,1961,2025-09-19,paid,14591.16
1962,1962,2025-09-20,paid,94742.4
1963,1963,2025-09-20,paid,63793.55
1964,1964,2025-09-20,paid,8068.17
1965,1965,2025-09-20,paid,1816.92
1966,1966,2025-09-20,paid,4875.09
1967,1967,2025-09-20,paid,7006.61
1968,1968,2025-09-20,paid,1876.54
1969,1969,2025-09-21,paid,23811.33
1970,1970,2025-09-21,paid,24828.47
1971,1971,2025-09-21,paid,12001.84
1972,1972,2025-09-21,paid,3332.41
1973,1973,2025-09-22,paid,28400.95
1974,1974,2025-09-22,paid,9955.2
1975,1975,2025-09-22,paid,65848.01
1976,1976,2025-09-22,paid,822.59
1977,1977,2025-09-22,paid,48880.77
1978,1978,2025-09-22,paid,6310.0
1979,1979,2025-09-23,paid,77287.76
1980,1980,2025-09-23,paid,22519.23
1981,1981,2025-09-23,paid,21685.52
1982,1982,2025-09-23,paid,2960.69
1983,1983,2025-09-23,paid,6833.4
1984,1984,2025-09-23,paid,29724.19
1985,1985,2025-09-23,paid,31191.56
1986,1986,2025-09-23,paid,7285.26
1987,1987,2025-09-23,paid,17077.12
1988,1988,2025-09-24,paid,4703.2
1989,1989,2025-09-24,paid,3718.2
1990,1990,2025-09-24,paid,31314.91
1991,1991,2025-09-24,paid,49940.22
1992,1992,2025-09-24,paid,2219.32
1993,1993,2025-09-24,voided,2389.05
1994,1994,2025-09-24,paid,69335.64
1995,1995,2025-09-24,paid,46726.27
1996,1996,2025-09-24,paid,30614.79
1997,1997,2025-09-25,paid,107538.23
1998,1998,2025-09-25,paid,26375.54
1999,1999,2025-09-25,paid,9140.33
2000,2000,2025-09-26,paid,1989.24
2001,2001,2025-09-26,paid,77785.37
2002,2002,2025-09-26,paid,10185.84
2003,2003,2025-09-26,paid,17112.69
2004,2004,2025-09-26,paid,41951.51
2005,2005,2025-09-26,paid,5940.08
2006,2006,2025-09-26,failed,47230.41
2007,2007,2025-09-26,paid,3482.72
2008,2008,2025-09-27,failed,2425.9
2009,2009,2025-09-27,paid,28683.09
2010,2010,2025-09-27,paid,3739.11
2011,2011,2025-09-27,paid,23024.3
2012,2012,2025-09-28,paid,5141.72
2013,2013,2025-09-28,paid,457.92
2014,2014,2025-09-28,paid,7281.96
2015,2015,2025-09-28,paid,20053.38
2016,2016,2025-09-28,paid,32033.06
2017,2017,2025-09-28,paid,143717.91
2018,2018,2025-09-28,failed,3143.62
2019,2019,2025-09-28,paid,2905.67
2020,2020,2025-09-28,paid,15141.94
2021,2021,2025-09-28,paid,12438.6
2022,2022,2025-09-28,paid,25545.54
2023,2023,2025-09-28,paid,100956.92
2024,2024,2025-09-29,paid,59039.98
2025,2025,2025-09-29,paid,18714.46
2026,2026,2025-09-29,paid,52150.08
2027,2027,2025-09-29,paid,70901.36
2028,2028,2025-09-29,paid,1587.7
2029,2029,2025-09-29,paid,270.53
2030,2030,2025-09-29,paid,12737.92
2031,2031,2025-09-29,paid,69633.16
2032,2032,2025-09-29,paid,559.25
2033,2033,2025-09-29,paid,16464.27
2034,2034,2025-09-29,paid,77533.43
2035,2035,2025-09-29,paid,21899.54
2036,2036,2025-09-29,voided,76825.86
2037,2037,2025-09-29,paid,4799.99
2038,2038,2025-09-29,paid,5818.9
2039,2039,2025-09-29,paid,7709.58
2040,2040,2025-09-30,paid,4764.18
2041,2041,2025-09-30,paid,33987.69
2042,2042,2025-09-30,paid,1475.51
2043,2043,2025-09-30,paid,9264.4
2044,2044,2025-09-30,paid,12386.79
2045,2045,2025-09-30,failed,5191.76
2046,2046,2025-09-30,paid,1464.77
2047,2047,2025-09-30,paid,19841.45
2048,2048,2025-09-30,paid,10686.26
2049,2049,2025-10-01,paid,635.48
2050,2050,2025-10-01,paid,74055.52
2051,2051,2025-10-01,paid,20945.5
2052,2052,2025-10-01,paid,11098.51
2053,2053,2025-10-01,paid,9764.51
2054,2054,2025-10-01,paid,4906.89
2055,2055,2025-10-01,paid,19914.97
2056,2056,2025-10-02,paid,90661.46
2057,2057,2025-10-02,paid,1758.19
2058,2058,2025-10-02,paid,26192.69
2059,2059,2025-10-02,failed,31641.19
2060,2060,2025-10-02,paid,22070.34
2061,2061,2025-10-02,paid,2030.62
2062,2062,2025-10-02,paid,37291.18
2063,2063,2025-10-03,paid,21519.57
2064,2064,2025-10-03,paid,8706.11
2065,2065,2025-10-03,paid,7504.49
2066,2066,2025-10-03,paid,12622.01
2067,2067,2025-10-03,paid,6094.84
2068,2068,2025-10-03,paid,11745.06
2069,2069,2025-10-04,paid,42522.44
2070,2070,2025-10-04,paid,40276.28
2071,2071,2025-10-04,paid,47188.09
2072,2072,2025-10-04,paid,20369.84
2073,2073,2025-10-04,paid,59523.11
2074,2074,2025-10-04,voided,5905.52
2075,2075,2025-10-05,paid,14868.02
2076,2076,2025-10-05,paid,41229.65
2077,2077,2025-10-05,paid,788.24
2078,2078,2025-10-05,paid,6128.44
2079,2079,2025-10-05,paid,24539.93
2080,2080,2025-10-05,paid,10507.81
2081,2081,2025-10-05,paid,14033.11
2082,2082,2025-10-05,paid,2280.06
2083,2083,2025-10-05,paid,1781.92
2084,2084,2025-10-05,paid,7362.63
2085,2085,2025-10-06,paid,46644.92
2086,2086,2025-10-06,paid,2733.44
2087,2087,2025-10-06,paid,52867.4
2088,2088,2025-10-06,paid,15072.18
2089,2089,2025-10-06,paid,12897.15
2090,2090,2025-10-06,paid,59530.63
2091,2091,2025-10-06,paid,70929.96
2092,2092,2025-10-06,paid,26912.6
2093,2093,2025-10-06,paid,5114.3
2094,2094,2025-10-06,paid,2922.11
2095,2095,2025-10-06,paid,22694.19
2096,2096,2025-10-07,paid,2299.16
2097,2097,2025-10-07,paid,20131.09
2098,2098,2025-10-07,paid,29494.86
2099,2099,2025-10-07,paid,10728.89
2100,2100,2025-10-07,paid,21942.45
2101,2101,2025-10-07,paid,11413.48
2102,2102,2025-10-07,paid,3134.32
2103,2103,2025-10-07,paid,23239.87
2104,2104,2025-10-08,paid,4837.32
2105,2105,2025-10-08,paid,23867.47
2106,2106,2025-10-08,paid,2708.36
2107,2107,2025-10-08,paid,54872.79
2108,2108,2025-10-08,paid,3221.35
2109,2109,2025-10-08,paid,424.6
2110,2110,2025-10-09,paid,25610.86
2111,2111,2025-10-09,paid,124346.14
2112,2112,2025-10-09,paid,10675.5
2113,2113,2025-10-09,paid,79900.68
2114,2114,2025-10-09,paid,15587.74
2115,2115,2025-10-09,paid,57931.91
2116,2116,2025-10-09,paid,88970.17
2117,2117,2025-10-09,paid,3933.76
2118,2118,2025-10-10,paid,27722.68
2119,2119,2025-10-10,paid,7266.22
2120,2120,2025-10-10,paid,71870.59
2121,2121,2025-10-10,paid,45855.82
2122,2122,2025-10-10,paid,11922.79
2123,2123,2025-10-10,paid,1638.61
2124,2124,2025-10-10,paid,34339.0
2125,2125,2025-10-10,voided,52067.67
2126,2126,2025-10-10,failed,15490.87
2127,2127,2025-10-10,paid,12827.25
2128,2128,2025-10-10,failed,51651.56
2129,2129,2025-10-10,paid,10522.5
2130,2130,2025-10-10,paid,8070.22
2131,2131,2025-10-11,paid,16378.86
2132,2132,2025-10-11,failed,1431.22
2133,2133,2025-10-11,paid,2886.6
2134,2134,2025-10-11,paid,18044.26
2135,2135,2025-10-12,paid,2424.63
2136,2136,2025-10-12,paid,77309.33
2137,2137,2025-10-12,paid,5256.66
2138,2138,2025-10-12,paid,1077.56
2139,2139,2025-10-12,paid,28473.77
2140,2140,2025-10-12,paid,10861.1
2141,2141,2025-10-12,paid,6134.19
2142,2142,2025-10-12,paid,2360.1
2143,2143,2025-10-12,paid,49327.63
2144,2144,2025-10-13,paid,29271.93
2145,2145,2025-10-13,paid,7770.75
2146,2146,2025-10-13,paid,57192.04
2147,2147,2025-10-13,paid,53995.22
2148,2148,2025-10-13,paid,13085.88
2149,2149,2025-10-13,paid,16146.23
2150,2150,2025-10-13,paid,37724.02
2151,2151,2025-10-13,paid,1996.54
2152,2152,2025-10-14,paid,7900.67
2153,2153,2025-10-14,paid,17406.29
2154,2154,2025-10-14,paid,6217.76
2155,2155,2025-10-14,paid,32254.74
2156,2156,2025-10-14,paid,20087.25
2157,2157,2025-10-14,paid,3267.29
2158,2158,2025-10-15,paid,19229.72
2159,2159,2025-10-15,paid,18169.57
2160,2160,2025-10-15,paid,47678.49
2161,2161,2025-10-15,paid,2648.14
2162,2162,2025-10-15,paid,30195.46
2163,2163,2025-10-15,paid,4281.48
2164,2164,2025-10-15,paid,21213.58
2165,2165,2025-10-16,paid,6522.39
2166,2166,2025-10-16,paid,59664.38
2167,2167,2025-10-16,paid,14428.87
2168,2168,2025-10-16,paid,954.9
2169,2169,2025-10-16,paid,6277.17
2170,2170,2025-10-17,paid,55607.86
2171,2171,2025-10-17,paid,19110.62
2172,2172,2025-10-17,paid,8402.39
2173,2173,2025-10-17,paid,12960.44
2174,2174,2025-10-17,paid,55418.9
2175,2175,2025-10-17,paid,89196.54
2176,2176,2025-10-17,paid,27532.06
2177,2177,2025-10-17,paid,27133.46
2178,2178,2025-10-17,paid,48116.25
2179,2179,2025-10-17,paid,40548.83
2180,2180,2025-10-18,paid,8129.26
2181,2181,2025-10-18,paid,41256.93
2182,2182,2025-10-18,paid,39325.71
2183,2183,2025-10-18,paid,13545.61
2184,2184,2025-10-18,paid,175598.31
2185,2185,2025-10-18,paid,28283.94
2186,2186,2025-10-18,voided,18549.23
2187,2187,2025-10-18,paid,784.3
2188,2188,2025-10-18,paid,423.16
2189,2189,2025-10-18,failed,25814.82
2190,2190,2025-10-19,paid,67179.65
2191,2191,2025-10-19,paid,127355.62
2192,2192,2025-10-19,paid,1350.62
2193,2193,2025-10-19,paid,14415.76
2194,2194,2025-10-19,voided,41069.52
2195,2195,2025-10-19,paid,5442.16
2196,2196,2025-10-19,paid,12912.68
2197,2197,2025-10-19,paid,7142.96
2198,2198,2025-10-19,paid,40408.7
2199,2199,2025-10-19,paid,37905.95
2200,2200,2025-10-19,paid,68162.27
2201,2201,2025-10-20,paid,7703.77
2202,2202,2025-10-20,paid,952.36
2203,2203,2025-10-20,paid,84154.51
2204,2204,2025-10-20,paid,2447.11
2205,2205,2025-10-20,paid,17065.44
2206,2206,2025-10-20,paid,6834.03
2207,2207,2025-10-20,voided,153527.83
2208,2208,2025-10-20,paid,36273.57
2209,2209,2025-10-20,paid,2974.39
2210,2210,2025-10-21,paid,5222.02
2211,2211,2025-10-21,paid,1781.9
2212,2212,2025-10-21,voided,453.72
2213,2213,2025-10-21,paid,37261.65
2214,2214,2025-10-21,voided,3002.17
2215,2215,2025-10-21,paid,31918.24
2216,2216,2025-10-21,paid,6230.86
2217,2217,2025-10-21,failed,43940.7
2218,2218,2025-10-21,paid,2953.11
2219,2219,2025-10-22,paid,25768.39
2220,2220,2025-10-22,paid,8238.41
2221,2221,2025-10-22,paid,8926.26
2222,2222,2025-10-22,paid,18680.59
2223,2223,2025-10-22,paid,17319.13
2224,2224,2025-10-22,paid,7827.49
2225,2225,2025-10-22,paid,5052.32
2226,2226,2025-10-22,paid,8495.52
2227,2227,2025-10-22,paid,2893.16
2228,2228,2025-10-22,paid,111145.71
2229,2229,2025-10-23,paid,5094.07
2230,2230,2025-10-23,paid,849.8
2231,2231,2025-10-23,paid,18120.77
2232,2232,2025-10-23,paid,47259.78
2233,2233,2025-10-23,paid,14229.7
2234,2234,2025-10-23,voided,40455.79
2235,2235,2025-10-24,paid,2643.76
2236,2236,2025-10-24,paid,31232.87
2237,2237,2025-10-24,paid,92921.7
2238,2238,2025-10-24,paid,3431.15
2239,2239,2025-10-24,paid,3135.0
2240,2240,2025-10-24,paid,5075.04
2241,2241,2025-10-24,paid,1942.35
2242,2242,2025-10-25,paid,3250.38
2243,2243,2025-10-25,paid,102013.28
2244,2244,2025-10-25,paid,16519.49
2245,2245,2025-10-25,paid,7256.45
2246,2246,2025-10-25,paid,49502.62
2247,2247,2025-10-25,paid,5778.12
2248,2248,2025-10-25,paid,43987.08
2249,2249,2025-10-25,paid,37893.63
2250,2250,2025-10-26,paid,3228.16
2251,2251,2025-10-26,paid,2245.42
2252,2252,2025-10-26,paid,30934.74
2253,2253,2025-10-26,voided,386.74
2254,2254,2025-10-26,failed,25935.18
2255,2255,2025-10-26,paid,15803.71
2256,2256,2025-10-26,paid,2402.47
2257,2257,2025-10-26,paid,10326.82
2258,2258,2025-10-26,paid,15262.61
2259,2259,2025-10-26,paid,3223.41
2260,2260,2025-10-26,paid,15521.43
2261,2261,2025-10-27,paid,29148.06
2262,2262,2025-10-27,paid,1389.86
2263,2263,2025-10-27,paid,29993.04
2264,2264,2025-10-27,paid,6042.58
2265,2265,2025-10-27,paid,1350.0
2266,2266,2025-10-27,paid,5577.11
2267,2267,2025-10-27,paid,20922.67
2268,2268,2025-10-27,paid,17413.17
2269,2269,2025-10-27,paid,536.81
2270,2270,2025-10-28,paid,16598.66
2271,2271,2025-10-28,voided,5006.98
2272,2272,2025-10-28,paid,13776.44
2273,2273,2025-10-28,paid,5005.19
2274,2274,2025-10-28,paid,14737.59
2275,2275,2025-10-28,paid,14210.57
2276,2276,2025-10-28,paid,6290.09
2277,2277,2025-10-29,paid,55547.97
2278,2278,2025-10-29,paid,29622.3
2279,2279,2025-10-29,paid,1112.47
2280,2280,2025-10-29,paid,48499.7
2281,2281,2025-10-29,paid,24311.76
2282,2282,2025-10-29,paid,15375.99
2283,2283,2025-10-29,paid,1190.75
2284,2284,2025-10-30,paid,70712.63
2285,2285,2025-10-30,paid,48674.71
2286,2286,2025-10-30,paid,11407.32
2287,2287,2025-10-30,paid,59455.49
2288,2288,2025-10-30,voided,29925.86
2289,2289,2025-10-30,failed,12147.6
2290,2290,2025-10-30,paid,34723.21
2291,2291,2025-10-30,paid,906.51
2292,2292,2025-10-30,failed,2112.81
2293,2293,2025-10-30,paid,288.45
2294,2294,2025-10-30,paid,5595.64
2295,2295,2025-10-31,paid,29318.21
2296,2296,2025-10-31,paid,20841.46
2297,2297,2025-10-31,paid,16247.8
2298,2298,2025-10-31,paid,11445.78
2299,2299,2025-10-31,paid,6812.48
2300,2300,2025-10-31,paid,40819.71
2301,2301,2025-10-31,paid,13812.0
2302,2302,2025-10-31,paid,45576.52
2303,2303,2025-10-31,paid,2518.34
2304,2304,2025-10-31,paid,17230.91
2305,2305,2025-10-31,paid,57709.4
2306,2306,2025-10-31,paid,58855.58
2307,2307,2025-10-31,paid,10481.98
2308,2308,2025-10-31,paid,13289.53
2309,2309,2025-10-31,paid,33331.8
2310,2310,2025-10-31,paid,2410.55
2311,2311,2025-10-31,paid,12283.54
2312,2312,2025-11-01,paid,38755.05
2313,2313,2025-11-01,paid,33747.7
2314,2314,2025-11-01,paid,57275.66
2315,2315,2025-11-01,paid,9170.64
2316,2316,2025-11-01,paid,142170.24
2317,2317,2025-11-01,paid,21684.16
2318,2318,2025-11-02,paid,3055.12
2319,2319,2025-11-02,paid,7374.27
2320,2320,2025-11-02,paid,21199.87
2321,2321,2025-11-02,paid,19369.46
2322,2322,2025-11-02,paid,3629.42
2323,2323,2025-11-02,paid,1483.81
2324,2324,2025-11-02,paid,19952.88
2325,2325,2025-11-02,paid,36701.2
2326,2326,2025-11-02,paid,8297.87
2327,2327,2025-11-02,paid,76232.11
2328,2328,2025-11-03,voided,4760.18
2329,2329,2025-11-03,paid,1274.98
2330,2330,2025-11-03,paid,20508.8
2331,2331,2025-11-03,paid,1371.08
2332,2332,2025-11-03,paid,34791.82
2333,2333,2025-11-03,paid,55355.34
2334,2334,2025-11-03,failed,1517.57
2335,2335,2025-11-03,paid,62176.63
2336,2336,2025-11-03,paid,6558.1
2337,2337,2025-11-03,paid,55279.06
2338,2338,2025-11-04,paid,10100.97
2339,2339,2025-11-04,paid,11122.21
2340,2340,2025-11-04,paid,4598.28
2341,2341,2025-11-04,paid,3408.91
2342,2342,2025-11-04,paid,33606.0
2343,2343,2025-11-04,paid,21721.25
2344,2344,2025-11-04,paid,2577.43
2345,2345,2025-11-04,paid,14368.32
2346,2346,2025-11-04,paid,8822.51
2347,2347,2025-11-05,paid,4661.91
2348,2348,2025-11-05,paid,93047.04
2349,2349,2025-11-05,paid,26467.13
2350,2350,2025-11-05,paid,3331.04
2351,2351,2025-11-05,paid,57156.21
2352,2352,2025-11-05,paid,41513.18
2353,2353,2025-11-05,paid,22494.29
2354,2354,2025-11-05,paid,47852.71
2355,2355,2025-11-05,paid,1953.25
2356,2356,2025-11-05,paid,33952.53
2357,2357,2025-11-06,paid,11537.01
2358,2358,2025-11-06,paid,76823.86
2359,2359,2025-11-06,voided,51117.14
2360,2360,2025-11-06,paid,59781.17
2361,2361,2025-11-06,paid,275.3
2362,2362,2025-11-06,voided,5639.74
2363,2363,2025-11-06,paid,7966.45
2364,2364,2025-11-06,paid,4258.93
2365,2365,2025-11-06,voided,2917.6
2366,2366,2025-11-06,paid,4269.54
2367,2367,2025-11-07,paid,75601.08
2368,2368,2025-11-07,paid,35261.5
2369,2369,2025-11-07,paid,36771.54
2370,2370,2025-11-07,paid,60274.93
2371,2371,2025-11-07,paid,65494.55
2372,2372,2025-11-07,paid,49544.03
2373,2373,2025-11-07,paid,9912.71
2374,2374,2025-11-07,paid,1464.99
2375,2375,2025-11-07,paid,7407.48
2376,2376,2025-11-07,paid,11599.33
2377,2377,2025-11-07,paid,54288.76
2378,2378,2025-11-07,paid,18282.66
2379,2379,2025-11-08,paid,6797.33
2380,2380,2025-11-08,paid,2351.51
2381,2381,2025-11-08,paid,26027.63
2382,2382,2025-11-08,paid,11356.0
2383,2383,2025-11-08,paid,3004.4
2384,2384,2025-11-08,paid,5795.16
2385,2385,2025-11-08,paid,11099.2
2386,2386,2025-11-08,paid,16295.09
2387,2387,2025-11-09,paid,16451.49
2388,2388,2025-11-09,paid,9011.84
2389,2389,2025-11-09,paid,9461.64
2390,2390,2025-11-09,paid,28941.76
2391,2391,2025-11-09,paid,50168.56
2392,2392,2025-11-09,paid,5666.52
2393,2393,2025-11-09,paid,5723.47
2394,2394,2025-11-09,paid,33532.5
2395,2395,2025-11-09,paid,30743.8
2396,2396,2025-11-10,paid,1129.55
2397,2397,2025-11-10,paid,6400.87
2398,2398,2025-11-10,paid,31460.88
2399,2399,2025-11-10,paid,17011.51
2400,2400,2025-11-10,paid,8070.09
2401,2401,2025-11-10,paid,79484.4
2402,2402,2025-11-10,paid,14486.13
2403,2403,2025-11-11,paid,6356.73
2404,2404,2025-11-11,paid,8842.41
2405,2405,2025-11-11,paid,3551.72
2406,2406,2025-11-11,paid,4190.01
2407,2407,2025-11-11,paid,73521.46
2408,2408,2025-11-11,failed,22768.87
2409,2409,2025-11-11,voided,950.21
2410,2410,2025-11-11,paid,1629.47
2411,2411,2025-11-11,paid,34029.18
2412,2412,2025-11-11,paid,13268.34
2413,2413,2025-11-11,paid,35771.78
2414,2414,2025-11-11,paid,51685.45
2415,2415,2025-11-12,paid,89141.25
2416,2416,2025-11-12,paid,19349.22
2417,2417,2025-11-12,paid,37178.42
2418,2418,2025-11-12,voided,72585.35
2419,2419,2025-11-12,paid,27189.82
2420,2420,2025-11-12,paid,8211.68
2421,2421,2025-11-12,paid,23533.33
2422,2422,2025-11-13,paid,35438.2
2423,2423,2025-11-13,paid,35438.98
2424,2424,2025-11-13,paid,7433.27
2425,2425,2025-11-13,paid,228545.02
2426,2426,2025-11-13,paid,25690.43
2427,2427,2025-11-13,paid,10899.11
2428,2428,2025-11-13,voided,91881.75
2429,2429,2025-11-13,paid,53875.6
2430,2430,2025-11-13,paid,28004.47
2431,2431,2025-11-13,paid,33776.34
2432,2432,2025-11-13,paid,4700.63
2433,2433,2025-11-13,paid,6286.77
2434,2434,2025-11-13,paid,2788.46
2435,2435,2025-11-13,paid,9852.14
2436,2436,2025-11-13,paid,15990.54
2437,2437,2025-11-14,paid,3161.3
2438,2438,2025-11-14,paid,16148.22
2439,2439,2025-11-14,paid,9942.82
2440,2440,2025-11-14,paid,18722.9
2441,2441,2025-11-14,paid,6789.46
2442,2442,2025-11-14,paid,39648.15
2443,2443,2025-11-14,paid,2670.23
2444,2444,2025-11-15,paid,8192.91
2445,2445,2025-11-15,paid,24292.81
2446,2446,2025-11-15,paid,3179.53
2447,2447,2025-11-15,paid,48086.62
2448,2448,2025-11-15,paid,12392.6
2449,2449,2025-11-15,paid,650.68
2450,2450,2025-11-15,paid,72901.6
2451,2451,2025-11-15,voided,6963.36
2452,2452,2025-11-15,paid,11961.66
2453,2453,2025-11-15,paid,23571.22
2454,2454,2025-11-15,paid,84666.17
2455,2455,2025-11-16,paid,2959.78
2456,2456,2025-11-16,paid,16689.26
2457,2457,2025-11-16,paid,36092.47
2458,2458,2025-11-16,paid,26284.21
2459,2459,2025-11-16,paid,1490.93
2460,2460,2025-11-16,paid,3465.32
2461,2461,2025-11-16,paid,45413.48
2462,2462,2025-11-17,paid,1278.35
2463,2463,2025-11-17,paid,9579.85
2464,2464,2025-11-17,paid,6854.49
2465,2465,2025-11-17,paid,69790.36
2466,2466,2025-11-17,paid,8017.33
2467,2467,2025-11-17,paid,6027.94
2468,2468,2025-11-17,paid,9069.54
2469,2469,2025-11-17,paid,2807.92
2470,2470,2025-11-17,paid,2210.48
2471,2471,2025-11-17,paid,25964.75
2472,2472,2025-11-17,paid,48901.55
2473,2473,2025-11-17,paid,6266.96
2474,2474,2025-11-17,paid,16899.28
2475,2475,2025-11-18,voided,35391.23
2476,2476,2025-11-18,paid,2522.5
2477,2477,2025-11-18,paid,1565.71
2478,2478,2025-11-18,paid,2541.21
2479,2479,2025-11-18,paid,27940.71
2480,2480,2025-11-18,paid,54758.74
2481,2481,2025-11-18,paid,31305.57
2482,2482,2025-11-18,paid,30684.67
2483,2483,2025-11-19,paid,2002.97
2484,2484,2025-11-19,paid,7972.93
2485,2485,2025-11-19,paid,8720.76
2486,2486,2025-11-19,paid,9419.38
2487,2487,2025-11-19,voided,15251.26
2488,2488,2025-11-19,paid,6548.41
2489,2489,2025-11-19,paid,7302.3
2490,2490,2025-11-19,paid,5826.4
2491,2491,2025-11-19,paid,40585.83
2492,2492,2025-11-19,paid,41045.23
2493,2493,2025-11-19,paid,27694.38
2494,2494,2025-11-20,paid,23860.7
2495,2495,2025-11-20,paid,59413.14
2496,2496,2025-11-20,paid,48519.73
2497,2497,2025-11-20,paid,16426.41
2498,2498,2025-11-20,paid,4591.4
2499,2499,2025-11-20,paid,3850.07
2500,2500,2025-11-20,paid,5278.01
2501,2501,2025-11-20,paid,2190.36
2502,2502,2025-11-21,paid,36743.25
2503,2503,2025-11-21,paid,1542.24
2504,2504,2025-11-21,paid,4642.39
2505,2505,2025-11-21,voided,18607.07
2506,2506,2025-11-21,paid,2143.71
2507,2507,2025-11-21,paid,800.9
2508,2508,2025-11-21,paid,18532.06
2509,2509,2025-11-22,paid,22084.87
2510,2510,2025-11-22,paid,7514.53
2511,2511,2025-11-22,paid,50455.12
2512,2512,2025-11-22,paid,16893.22
2513,2513,2025-11-22,paid,1140.21
2514,2514,2025-11-22,paid,20467.78
2515,2515,2025-11-22,paid,6453.54
2516,2516,2025-11-23,paid,12939.9
2517,2517,2025-11-23,paid,45259.29
2518,2518,2025-11-23,paid,10739.7
2519,2519,2025-11-23,paid,25347.32
2520,2520,2025-11-23,failed,2848.44
2521,2521,2025-11-23,paid,43286.86
2522,2522,2025-11-23,paid,19438.76
2523,2523,2025-11-24,failed,3964.46
2524,2524,2025-11-24,paid,50201.11
2525,2525,2025-11-24,paid,24941.5
2526,2526,2025-11-24,paid,40630.96
2527,2527,2025-11-24,paid,122222.26
2528,2528,2025-11-24,paid,8388.11
2529,2529,2025-11-24,paid,2859.46
2530,2530,2025-11-24,paid,56202.2
2531,2531,2025-11-24,paid,26657.59
2532,2532,2025-11-24,paid,29244.83
2533,2533,2025-11-25,paid,3535.75
2534,2534,2025-11-25,paid,55361.21
2535,2535,2025-11-25,paid,10731.23
2536,2536,2025-11-25,voided,23559.07
2537,2537,2025-11-25,paid,29225.73
2538,2538,2025-11-25,voided,18158.14
2539,2539,2025-11-25,paid,6503.04
2540,2540,2025-11-26,paid,3649.88
2541,2541,2025-11-26,paid,32263.35
2542,2542,2025-11-26,paid,10962.84
2543,2543,2025-11-26,paid,20244.78
2544,2544,2025-11-26,paid,8271.98
2545,2545,2025-11-26,paid,14423.26
2546,2546,2025-11-26,failed,36564.58
2547,2547,2025-11-26,paid,15610.06
2548,2548,2025-11-26,paid,10514.07
2549,2549,2025-11-27,paid,8103.21
2550,2550,2025-11-27,paid,26298.64
2551,2551,2025-11-27,paid,487.36
2552,2552,2025-11-27,paid,21348.33
2553,2553,2025-11-27,paid,41437.68
2554,2554,2025-11-27,paid,414.81
2555,2555,2025-11-27,paid,6815.83
2556,2556,2025-11-27,paid,2670.76
2557,2557,2025-11-27,paid,5655.14
2558,2558,2025-11-27,paid,40505.91
2559,2559,2025-11-27,paid,9920.65
2560,2560,2025-11-27,paid,14722.26
2561,2561,2025-11-28,paid,854.92
2562,2562,2025-11-28,paid,22375.53
2563,2563,2025-11-28,voided,24313.01
2564,2564,2025-11-28,paid,139703.46
2565,2565,2025-11-28,paid,23255.68
2566,2566,2025-11-28,paid,9673.5
2567,2567,2025-11-28,paid,64777.35
2568,2568,2025-11-28,failed,639.96
2569,2569,2025-11-28,paid,28909.38
2570,2570,2025-11-28,paid,35735.16
2571,2571,2025-11-28,paid,42144.58
2572,2572,2025-11-28,failed,36864.35
2573,2573,2025-11-29,paid,24850.92
2574,2574,2025-11-29,paid,6768.58
2575,2575,2025-11-29,paid,28573.66
2576,2576,2025-11-29,paid,5128.54
2577,2577,2025-11-29,paid,33908.47
2578,2578,2025-11-29,paid,58251.43
2579,2579,2025-11-29,paid,18651.06
2580,2580,2025-11-29,failed,36578.0
2581,2581,2025-11-29,paid,10510.21
2582,2582,2025-11-29,paid,5985.04
2583,2583,2025-11-29,paid,6654.08
2584,2584,2025-11-30,paid,21120.13
2585,2585,2025-11-30,paid,11830.51
2586,2586,2025-11-30,paid,138823.2
2587,2587,2025-11-30,failed,31642.76
2588,2588,2025-11-30,paid,32324.3
2589,2589,2025-11-30,failed,9895.9
2590,2590,2025-11-30,paid,46491.82
2591,2591,2025-11-30,paid,5682.9
2592,2592,2025-11-30,paid,5613.6
2593,2593,2025-11-30,paid,84379.96
2594,2594,2025-12-01,paid,14905.74
2595,2595,2025-12-01,paid,9301.67
2596,2596,2025-12-01,paid,21620.95
2597,2597,2025-12-01,paid,77148.61
2598,2598,2025-12-01,paid,30245.19
2599,2599,2025-12-01,paid,7446.59
2600,2600,2025-12-01,paid,27962.26
2601,2601,2025-12-01,paid,16559.26
2602,2602,2025-12-01,paid,30685.81
2603,2603,2025-12-01,paid,1913.35
2604,2604,2025-12-01,paid,19514.51
2605,2605,2025-12-01,paid,17367.58
2606,2606,2025-12-01,paid,48682.21
2607,2607,2025-12-01,voided,39408.8
2608,2608,2025-12-01,paid,15350.29
2609,2609,2025-12-01,paid,46819.54
2610,2610,2025-12-01,paid,27467.26
2611,2611,2025-12-02,paid,37112.56
2612,2612,2025-12-02,paid,26947.68
2613,2613,2025-12-02,paid,1142.3
2614,2614,2025-12-02,paid,17397.43
2615,2615,2025-12-02,paid,65170.61
2616,2616,2025-12-02,paid,44611.16
2617,2617,2025-12-02,paid,54157.42
2618,2618,2025-12-02,paid,12501.29
2619,2619,2025-12-02,paid,64394.44
2620,2620,2025-12-03,paid,18522.32
2621,2621,2025-12-03,paid,7630.26
2622,2622,2025-12-03,paid,34797.35
2623,2623,2025-12-03,paid,11024.35
2624,2624,2025-12-03,paid,5233.22
2625,2625,2025-12-04,paid,25008.55
2626,2626,2025-12-04,paid,25888.64
2627,2627,2025-12-04,paid,446.3
2628,2628,2025-12-04,paid,5798.12
2629,2629,2025-12-04,paid,43932.75
2630,2630,2025-12-04,paid,27612.8
2631,2631,2025-12-04,paid,2689.36
2632,2632,2025-12-04,paid,142670.7
2633,2633,2025-12-04,paid,54885.9
2634,2634,2025-12-04,paid,26562.78
2635,2635,2025-12-04,paid,14419.14
2636,2636,2025-12-05,paid,9310.43
2637,2637,2025-12-05,paid,12179.48
2638,2638,2025-12-05,paid,2453.89
2639,2639,2025-12-05,paid,31540.91
2640,2640,2025-12-05,paid,9450.52
2641,2641,2025-12-05,paid,102076.38
2642,2642,2025-12-05,paid,31241.83
2643,2643,2025-12-05,paid,60068.8
2644,2644,2025-12-05,paid,17801.91
2645,2645,2025-12-05,paid,2684.12
2646,2646,2025-12-05,voided,46639.98
2647,2647,2025-12-05,paid,5479.17
2648,2648,2025-12-05,paid,28739.88
2649,2649,2025-12-06,paid,38016.1
2650,2650,2025-12-06,paid,21071.26
2651,2651,2025-12-06,paid,64169.45
2652,2652,2025-12-06,paid,22753.62
2653,2653,2025-12-06,paid,21344.77
2654,2654,2025-12-06,paid,7185.97
2655,2655,2025-12-06,paid,78460.97
2656,2656,2025-12-06,paid,20796.93
2657,2657,2025-12-06,failed,24017.56
2658,2658,2025-12-06,paid,25934.49
2659,2659,2025-12-06,paid,6575.9
2660,2660,2025-12-07,paid,1696.01
2661,2661,2025-12-07,paid,37997.77
2662,2662,2025-12-07,paid,24382.37
2663,2663,2025-12-07,paid,7289.99
2664,2664,2025-12-07,paid,8858.54
2665,2665,2025-12-07,paid,20192.81
2666,2666,2025-12-08,paid,22316.53
2667,2667,2025-12-08,paid,7293.44
2668,2668,2025-12-08,paid,23756.07
2669,2669,2025-12-08,paid,48757.26
2670,2670,2025-12-08,failed,44606.44
2671,2671,2025-12-08,paid,19792.61
2672,2672,2025-12-08,paid,35145.47
2673,2673,2025-12-09,paid,15303.43
2674,2674,2025-12-09,paid,5740.06
2675,2675,2025-12-09,paid,2780.96
2676,2676,2025-12-09,paid,21626.2
2677,2677,2025-12-09,paid,52627.7
2678,2678,2025-12-09,voided,8085.83
2679,2679,2025-12-10,paid,934.52
2680,2680,2025-12-10,paid,18129.82
2681,2681,2025-12-10,paid,8283.08
2682,2682,2025-12-10,paid,11414.11
2683,2683,2025-12-10,paid,28115.92
2684,2684,2025-12-10,paid,33033.52
2685,2685,2025-12-10,paid,822.94
2686,2686,2025-12-11,paid,16538.9
2687,2687,2025-12-11,paid,20760.36
2688,2688,2025-12-11,paid,92830.3
2689,2689,2025-12-11,voided,38007.25
2690,2690,2025-12-11,paid,24815.61
2691,2691,2025-12-11,voided,32279.01
2692,2692,2025-12-11,paid,8066.7
2693,2693,2025-12-11,paid,4526.16
2694,2694,2025-12-11,paid,29497.92
2695,2695,2025-12-11,paid,27266.04
2696,2696,2025-12-12,paid,1980.42
2697,2697,2025-12-12,paid,7759.68
2698,2698,2025-12-12,paid,3017.57
2699,2699,2025-12-12,paid,3212.47
2700,2700,2025-12-12,paid,52954.34
2701,2701,2025-12-12,paid,30931.28
2702,2702,2025-12-12,paid,15595.62
2703,2703,2025-12-12,paid,20847.12
2704,2704,2025-12-12,paid,23938.3
2705,2705,2025-12-12,paid,1546.25
2706,2706,2025-12-12,paid,56332.87
2707,2707,2025-12-12,paid,6244.89
2708,2708,2025-12-12,paid,16075.85
2709,2709,2025-12-13,paid,1415.2
2710,2710,2025-12-13,paid,120733.2
2711,2711,2025-12-13,paid,57382.49
2712,2712,2025-12-13,paid,57564.15
2713,2713,2025-12-13,paid,4820.65
2714,2714,2025-12-13,paid,69624.42
2715,2715,2025-12-13,paid,35560.67
2716,2716,2025-12-13,paid,15253.82
2717,2717,2025-12-13,failed,6546.06
2718,2718,2025-12-13,paid,44175.81
2719,2719,2025-12-13,paid,2889.0
2720,2720,2025-12-13,paid,5957.54
2721,2721,2025-12-14,paid,59772.83
2722,2722,2025-12-14,failed,27705.63
2723,2723,2025-12-14,failed,45300.27
2724,2724,2025-12-14,paid,1771.75
2725,2725,2025-12-14,failed,4608.04
2726,2726,2025-12-14,paid,3867.87
2727,2727,2025-12-15,paid,16401.94
2728,2728,2025-12-15,paid,36147.24
2729,2729,2025-12-15,paid,9476.41
2730,2730,2025-12-15,paid,102329.68
2731,2731,2025-12-15,paid,2895.19
2732,2732,2025-12-15,paid,3079.59
2733,2733,2025-12-16,paid,25120.93
2734,2734,2025-12-16,paid,62012.68
2735,2735,2025-12-16,paid,35818.56
2736,2736,2025-12-16,voided,3447.36
2737,2737,2025-12-16,paid,53543.52
2738,2738,2025-12-16,paid,31533.82
2739,2739,2025-12-16,paid,49833.8
2740,2740,2025-12-16,paid,30389.15
2741,2741,2025-12-17,paid,2742.54
2742,2742,2025-12-17,paid,407.97
2743,2743,2025-12-17,paid,24080.88
2744,2744,2025-12-17,paid,35889.93
2745,2745,2025-12-17,paid,5729.96
2746,2746,2025-12-17,paid,1569.29
2747,2747,2025-12-17,paid,8602.86
2748,2748,2025-12-17,paid,88487.85
2749,2749,2025-12-17,paid,2488.73
2750,2750,2025-12-17,paid,26920.7
2751,2751,2025-12-17,paid,5401.57
2752,2752,2025-12-17,paid,1272.38
2753,2753,2025-12-17,paid,67103.13
2754,2754,2025-12-18,paid,16385.94
2755,2755,2025-12-18,paid,2950.5
2756,2756,2025-12-18,paid,2482.81
2757,2757,2025-12-18,paid,4184.5
2758,2758,2025-12-18,paid,7247.36
2759,2759,2025-12-18,paid,30372.74
2760,2760,2025-12-18,paid,21463.97
2761,2761,2025-12-18,paid,10813.18
2762,2762,2025-12-18,paid,3304.4
2763,2763,2025-12-18,failed,258.93
2764,2764,2025-12-18,paid,113638.02
2765,2765,2025-12-18,paid,1257.1
2766,2766,2025-12-19,paid,5695.68
2767,2767,2025-12-19,paid,4227.16
2768,2768,2025-12-19,paid,6267.93
2769,2769,2025-12-19,paid,23063.03
2770,2770,2025-12-19,paid,6678.09
2771,2771,2025-12-19,paid,7946.0
2772,2772,2025-12-19,paid,55331.22
2773,2773,2025-12-19,paid,19390.21
2774,2774,2025-12-19,paid,9188.58
2775,2775,2025-12-19,paid,1993.27
2776,2776,2025-12-20,paid,41568.18
2777,2777,2025-12-20,paid,44650.56
2778,2778,2025-12-20,failed,6435.08
2779,2779,2025-12-20,paid,71148.18
2780,2780,2025-12-20,paid,87181.52
2781,2781,2025-12-20,paid,48924.71
2782,2782,2025-12-20,paid,6028.89
2783,2783,2025-12-20,paid,1968.49
2784,2784,2025-12-21,paid,24509.03
2785,2785,2025-12-21,paid,11643.42
2786,2786,2025-12-21,paid,35043.92
2787,2787,2025-12-21,paid,2382.12
2788,2788,2025-12-21,paid,89509.07
2789,2789,2025-12-22,paid,26523.05
2790,2790,2025-12-22,paid,8295.05
2791,2791,2025-12-22,paid,18250.17
2792,2792,2025-12-22,paid,6257.51
2793,2793,2025-12-23,paid,31940.38
2794,2794,2025-12-23,paid,20463.81
2795,2795,2025-12-23,paid,17204.08
2796,2796,2025-12-23,paid,25997.32
2797,2797,2025-12-23,paid,17332.29
2798,2798,2025-12-23,paid,24796.28
2799,2799,2025-12-23,paid,5364.35
2800,2800,2025-12-23,paid,7654.86
2801,2801,2025-12-24,paid,15738.43
2802,2802,2025-12-24,paid,1596.51
2803,2803,2025-12-24,paid,97081.32
2804,2804,2025-12-24,paid,10994.6
2805,2805,2025-12-24,paid,7452.89
2806,2806,2025-12-24,paid,10914.15
2807,2807,2025-12-24,paid,13811.64
2808,2808,2025-12-24,paid,1930.69
2809,2809,2025-12-24,paid,88298.61
2810,2810,2025-12-24,paid,5284.5
2811,2811,2025-12-24,paid,24538.4
2812,2812,2025-12-24,paid,5105.96
2813,2813,2025-12-24,paid,24505.84
2814,2814,2025-12-25,paid,32588.11
2815,2815,2025-12-25,paid,37648.22
2816,2816,2025-12-25,paid,404.53
2817,2817,2025-12-25,paid,189227.2
2818,2818,2025-12-25,paid,35443.06
2819,2819,2025-12-25,paid,1639.07
2820,2820,2025-12-25,paid,1230.48
2821,2821,2025-12-25,paid,12145.24
2822,2822,2025-12-25,paid,53809.97
2823,2823,2025-12-25,paid,10156.64
2824,2824,2025-12-26,paid,17376.67
2825,2825,2025-12-26,voided,9167.76
2826,2826,2025-12-26,paid,65794.18
2827,2827,2025-12-26,paid,33437.35
2828,2828,2025-12-26,paid,3525.84
2829,2829,2025-12-26,paid,2575.92
2830,2830,2025-12-26,paid,6914.64
2831,2831,2025-12-26,paid,19839.88
2832,2832,2025-12-26,failed,31007.26
2833,2833,2025-12-26,paid,39781.66
2834,2834,2025-12-26,paid,50176.21
2835,2835,2025-12-26,paid,30603.38
2836,2836,2025-12-26,paid,291.69
2837,2837,2025-12-26,paid,1168.12
2838,2838,2025-12-27,paid,15906.61
2839,2839,2025-12-27,voided,8261.14
2840,2840,2025-12-27,paid,19777.32
2841,2841,2025-12-27,paid,2395.8
2842,2842,2025-12-27,paid,15052.34
2843,2843,2025-12-27,paid,8528.0
2844,2844,2025-12-28,paid,5134.02
2845,2845,2025-12-28,paid,2236.8
2846,2846,2025-12-28,paid,16472.17
2847,2847,2025-12-28,paid,8643.36
2848,2848,2025-12-28,paid,12104.87
2849,2849,2025-12-28,paid,27426.93
2850,2850,2025-12-28,paid,18597.19
2851,2851,2025-12-28,paid,80043.1
2852,2852,2025-12-28,paid,1245.17
2853,2853,2025-12-28,paid,1607.81
2854,2854,2025-12-28,paid,1383.56
2855,2855,2025-12-28,paid,30958.01
2856,2856,2025-12-28,paid,12114.95
2857,2857,2025-12-29,paid,4688.29
2858,2858,2025-12-29,paid,16597.92
2859,2859,2025-12-29,paid,39452.48
2860,2860,2025-12-29,paid,34588.17
2861,2861,2025-12-29,paid,12476.39
2862,2862,2025-12-29,paid,91027.65
2863,2863,2025-12-29,paid,9033.48
2864,2864,2025-12-29,paid,4347.93
2865,2865,2025-12-29,paid,65473.4
2866,2866,2025-12-29,paid,10267.44
2867,2867,2025-12-29,paid,7562.98
2868,2868,2025-12-29,voided,68365.47
2869,2869,2025-12-29,voided,29838.05
2870,2870,2025-12-30,paid,25970.38
2871,2871,2025-12-30,paid,13919.26
2872,2872,2025-12-30,paid,30986.98
2873,2873,2025-12-30,paid,6397.14
2874,2874,2025-12-30,paid,11106.87
2875,2875,2025-12-30,voided,71022.35
2876,2876,2025-12-30,failed,6174.9
2877,2877,2025-12-30,paid,4074.2
2878,2878,2025-12-30,paid,1282.78
2879,2879,2025-12-30,paid,1758.89
2880,2880,2025-12-30,paid,28978.49
2881,2881,2025-12-31,paid,452.47
2882,2882,2025-12-31,paid,18143.14
2883,2883,2025-12-31,voided,4621.7
2884,2884,2025-12-31,paid,10279.89
2885,2885,2025-12-31,paid,10354.95
2886,2886,2025-12-31,paid,45721.12
2887,2887,2025-12-31,paid,48773.19
