order_id,product_id,quantity,unit_price,discount_pct
2266,19,1,5577.11,0
2385,94,1,13874.0,20
280,136,1,2933.33,0
2582,89,1,3033.37,15
2582,90,1,4007.85,15
1948,88,1,3035.03,10
1948,58,1,19635.35,10
409,13,1,37164.83,0
2092,60,1,26912.6,0
2509,94,1,12504.17,0
2509,62,1,9580.7,0
2829,22,2,1287.96,0
2183,100,1,15050.68,10
2843,76,2,4264.0,0
1365,135,1,1301.75,0
1365,50,1,480.4,0
1365,34,1,3174.3,0
1365,130,2,2113.18,0
1354,65,2,1079.37,15
1195,8,2,17261.14,20
219,103,1,9288.54,10
825,136,2,2730.71,0
825,111,2,17653.79,0
378,91,1,5410.02,15
378,63,1,7983.11,15
835,129,1,3410.68,20
835,78,1,4467.35,20
1283,17,1,7773.76,0
2154,79,2,3108.88,0
1572,75,2,466.81,15
1197,117,1,16325.22,0
1197,73,1,1500.91,0
1197,112,3,3291.32,0
1607,92,1,15713.38,0
650,129,1,3382.52,10
650,116,1,21137.58,10
223,117,1,16811.51,0
1264,90,1,4093.21,0
996,93,1,4201.42,0
996,10,1,32806.15,0
2544,67,2,4135.99,0
2613,22,1,1142.3,0
1297,28,1,11395.41,0
1297,68,1,26920.78,0
94,143,1,2042.76,10
94,86,1,3312.05,10
129,58,1,18235.11,5
970,113,1,8368.98,0
970,134,2,2425.05,0
970,18,2,69390.21,5
75,140,1,2586.23,0
75,107,1,10867.13,0
75,93,1,4701.91,0
2564,16,3,46567.82,0
813,27,1,17772.58,0
1302,1,1,29907.56,0
1302,36,1,15023.95,0
894,47,1,7322.51,10
209,71,1,28908.93,0
2198,58,2,20204.35,0
315,39,1,7318.01,10
315,53,1,7818.0,10
315,48,1,7460.19,10
367,13,1,38519.4,15
2442,15,1,43692.25,15
2442,87,1,2389.29,15
2442,51,1,563.34,15
1385,87,3,2603.73,10
1385,113,2,8101.05,0
546,45,2,8241.14,0
2133,40,1,3396.0,15
2279,65,1,1112.47,0
2684,76,1,3896.64,15
2684,10,1,34966.33,15
722,113,1,7954.43,0
2778,55,1,8043.85,20
1344,133,1,3051.97,20
1344,29,1,2046.45,20
848,105,1,459.81,15
2260,100,1,13551.9,0
2260,35,1,1969.53,0
2610,71,1,27467.26,0
2178,48,1,7542.55,0
2178,8,1,16375.05,0
2178,61,1,24198.65,0
736,81,1,1910.61,20
736,62,1,10891.22,20
2661,72,1,16569.4,0
2661,26,1,18265.22,0
2661,89,1,3163.15,0
1610,82,1,2940.71,0
1610,78,2,4735.93,0
2296,114,1,26051.82,20
1716,62,1,10210.89,0
893,44,1,6777.82,0
2207,15,3,49283.4,0
2207,91,1,5677.63,0
1221,119,1,8197.79,15
903,72,3,16584.39,0
903,97,1,13728.98,0
1886,106,2,9117.41,0
1886,86,1,3366.57,0
1886,119,2,8475.79,0
1682,17,2,8380.37,15
2074,118,1,5905.52,0
2158,106,2,9614.86,0
2055,28,2,11714.69,15
2869,121,1,26474.53,0
2869,143,1,2130.23,0
2869,80,1,1233.29,0
2767,141,1,3022.91,0
2767,22,1,1204.25,0
1802,19,2,6351.15,0
1802,142,1,1497.95,0
1802,128,1,719.04,0
2850,120,1,18597.19,0
1240,102,1,3118.69,15
1999,95,1,9140.33,0
2263,26,2,18745.65,20
2444,141,1,2952.07,0
2444,96,3,1838.89,5
1178,129,1,3459.83,0
1178,78,2,4786.22,0
1178,105,1,460.31,0
1816,61,1,24961.98,0
2307,99,1,11646.64,10
2842,48,2,7526.17,0
1936,7,2,59735.86,0
1936,132,1,629.72,0
1936,57,1,29458.31,0
1936,134,1,2673.88,0
2834,5,1,50176.21,0
2447,11,1,48086.62,0
2063,122,1,26899.46,20
2883,49,1,4621.7,0
2849,41,2,8376.13,0
2849,101,1,10674.67,0
2553,115,2,24351.64,20
2553,88,1,3093.82,20
60,125,1,28306.52,20
60,110,2,18671.37,20
60,144,2,1794.17,20
2042,81,1,1844.39,20
100,69,2,16293.25,0
100,50,1,502.06,0
100,67,1,4372.67,0
862,50,1,452.94,20
862,74,1,2681.66,20
862,67,1,4588.7,20
720,101,3,10301.97,10
720,19,1,6033.56,10
720,139,1,2803.91,10
1022,81,1,1815.34,15
269,23,2,5442.52,20
269,17,1,8059.54,20
179,93,1,4476.79,20
179,40,1,3554.93,20
179,39,2,6967.24,20
2349,8,1,17650.94,0
2349,126,1,8816.19,0
2884,124,1,12093.99,15
2482,82,1,2955.09,10
2482,71,1,31138.99,10
2715,105,1,455.31,0
2715,120,2,17552.68,0
2236,60,1,25742.81,0
2236,136,2,2745.03,0
2376,98,1,5458.1,20
2376,144,1,1744.06,20
2376,55,1,7297.0,20
1055,97,1,13662.39,0
1055,80,1,1214.16,0
1473,78,1,4345.8,10
1473,131,3,2121.28,10
1473,91,1,5448.44,10
335,84,1,1543.77,0
335,33,1,5513.01,10
636,88,1,2898.89,20
636,70,1,11378.26,20
338,90,2,4275.44,0
338,21,1,2823.3,0
957,31,2,6984.16,0
958,91,1,5599.15,15
1265,121,2,27768.89,15
1265,142,1,1451.66,15
2313,26,2,16873.85,0
211,19,3,5928.34,0
1773,114,1,28480.38,10
858,64,1,23348.85,0
1612,142,1,1355.21,0
1643,71,1,28983.47,0
1622,105,2,485.94,20
1581,81,1,1765.84,0
1581,47,1,6752.81,0
1144,104,1,1968.72,0
163,47,1,6696.92,0
2456,8,1,17567.64,5
1202,118,1,6121.76,10
2016,86,2,3199.0,10
2016,57,1,29194.29,10
2270,110,1,18442.95,10
2560,72,1,14722.26,0
2196,44,2,6456.34,0
518,72,1,14666.75,0
1089,126,2,8401.15,0
1164,126,1,8515.04,0
1164,31,1,7086.83,0
1866,22,1,1157.76,10
1636,32,2,14718.33,0
188,11,1,47127.26,0
188,79,2,3347.44,0
188,64,1,23609.47,0
666,141,1,3114.77,10
11,18,1,78036.05,0
11,106,1,9508.36,0
2634,37,1,308.35,20
2634,72,2,16447.56,20
2736,40,1,3447.36,0
802,126,1,8734.61,0
1490,109,1,9689.45,0
373,9,2,24595.15,20
1618,22,1,1145.72,5
1440,41,1,7859.57,0
2679,132,1,602.12,15
2679,51,1,497.32,15
912,19,1,5824.31,0
912,38,1,6169.99,0
434,109,1,9560.96,0
1536,69,1,15818.31,0
2501,130,1,2190.36,0
2689,77,1,914.53,20
2689,97,3,15531.51,20
769,59,1,23252.28,0
769,102,2,3045.05,0
2181,111,2,19984.04,0
2181,135,1,1288.85,0
392,7,1,59825.15,15
392,74,1,2964.95,15
2169,44,1,6974.63,10
1512,82,3,2849.01,0
1461,113,2,8369.1,10
2126,108,1,11564.96,20
2126,113,1,7798.63,20
1069,88,1,3125.62,15
1382,111,1,18846.46,15
389,114,1,26513.72,0
114,8,1,17588.54,10
114,99,1,11651.57,10
301,99,1,11913.65,15
301,38,1,6865.54,15
961,75,1,481.62,15
961,138,1,1767.69,15
961,124,1,13276.22,15
961,69,1,16442.79,15
1573,114,1,28658.07,15
861,24,3,5871.9,15
861,64,1,25794.98,15
861,98,1,5374.23,15
1084,99,1,11956.88,10
2285,15,1,48001.22,0
2285,83,1,673.49,0
2441,21,2,2690.49,0
2441,135,1,1408.48,0
1975,18,1,69313.7,5
1973,57,1,28400.95,0
1204,43,1,2897.57,0
1204,9,1,24960.32,5
1560,43,1,2868.37,10
2579,126,2,9325.53,0
1527,138,3,1889.14,5
1527,32,1,15182.61,10
1527,127,1,3073.57,0
1553,80,1,1187.56,15
1553,57,1,29690.08,15
1553,106,1,9591.92,15
1424,34,2,3110.43,0
1424,109,3,9943.09,0
2463,106,1,9579.85,0
1623,58,1,19320.03,0
1406,89,1,3323.83,15
1406,38,1,6890.67,15
1406,73,1,1562.2,15
1406,106,1,8988.18,15
2368,97,1,13808.75,15
2368,122,1,27675.37,15
2369,118,2,6005.17,0
2369,108,1,10907.64,0
2369,36,1,13853.56,0
2161,42,1,3310.18,20
2334,84,1,1517.57,0
2540,76,1,4055.42,10
2150,9,1,25145.83,0
2150,124,1,12578.19,0
1368,18,1,70471.21,0
1681,114,1,27354.29,0
1102,68,2,27197.19,15
1102,112,1,3142.32,15
1102,84,1,1629.08,15
1102,106,1,8948.15,15
2064,17,1,8706.11,0
1928,42,1,3248.83,0
854,70,1,11078.9,0
854,53,1,8801.86,0
1870,38,1,6182.83,0
2539,24,1,6503.04,0
1766,71,3,30207.88,10
2770,33,1,5320.25,20
2770,74,1,3027.36,20
1852,68,1,26783.36,0
2602,1,1,30685.81,0
1329,18,1,72666.5,10
1425,69,2,15934.53,0
1800,141,2,3185.62,0
2593,18,1,70939.81,0
2593,66,1,13440.15,0
1085,80,1,1256.46,0
1085,98,1,5367.75,0
1487,138,1,1777.85,20
1487,51,1,546.13,20
816,141,2,3229.1,15
1038,19,2,5632.26,0
2608,54,2,4040.53,0
2608,63,1,7269.23,0
385,123,1,1157.18,0
385,136,1,2779.52,0
548,17,1,8115.37,0
548,139,1,2912.74,0
548,118,1,5841.37,0
2401,125,3,26494.8,0
933,73,1,1556.22,15
274,76,1,3871.0,10
274,78,3,4225.81,10
1539,26,1,16866.3,20
1906,142,2,1356.57,0
1906,66,1,12957.38,0
1906,131,1,2248.5,0
1906,107,1,10333.07,0
1834,59,1,24951.85,0
2261,10,1,34291.84,15
2659,49,1,4907.3,10
2659,22,2,1199.63,10
1627,24,1,6394.75,10
1627,89,1,3212.75,10
1330,121,1,28095.12,0
1330,2,2,58739.99,0
1330,44,1,6630.93,0
2303,135,2,1259.17,0
1403,12,2,25775.8,0
1549,89,1,3434.45,15
1549,100,1,14432.15,15
1429,134,1,2386.86,0
393,137,1,2983.96,10
2521,110,3,18036.19,20
2176,20,1,12725.56,10
2176,95,2,8932.81,10
1157,22,1,1149.42,0
1232,74,1,3028.14,0
1232,80,2,1338.51,0
432,121,2,26708.12,10
2052,99,1,11098.51,0
1123,37,2,287.37,20
2352,140,2,2600.64,15
2352,15,1,43637.75,15
205,80,1,1290.76,15
900,73,1,1423.1,0
900,118,1,5996.97,0
900,72,1,15068.94,0
924,114,1,28160.53,10
924,82,1,3151.88,10
875,4,1,7978.69,0
846,57,1,27118.14,0
846,16,1,44328.01,0
846,97,1,14110.16,0
718,60,1,27499.92,15
1358,82,1,3011.82,0
1358,39,1,6906.2,0
2490,79,2,3236.89,10
1711,42,1,3174.83,20
157,76,2,4071.23,0
157,56,1,8891.51,0
16,53,1,8751.68,10
16,114,1,26149.61,10
1668,41,2,8371.97,0
1668,22,1,1201.28,0
1427,58,1,18673.19,10
1427,69,2,16250.62,10
225,107,1,11228.22,0
225,102,1,3045.6,0
1524,54,1,4044.1,0
178,105,3,494.4,0
577,59,1,25228.72,0
577,7,2,67401.71,0
765,108,2,11110.38,0
765,107,1,10776.86,10
89,97,2,15431.32,0
89,77,1,817.97,0
1563,107,2,10968.47,10
2434,74,1,2788.46,0
124,115,1,26791.93,0
83,74,1,3056.39,0
83,80,1,1350.93,0
363,133,2,3157.96,0
363,17,1,7924.6,0
1334,22,1,1146.69,10
2654,55,1,7185.97,0
2764,18,1,75261.62,10
2764,5,1,45902.56,0
1366,79,2,3235.4,0
2502,44,1,6970.4,10
2502,10,1,33855.43,10
190,14,1,18267.76,0
1113,116,1,23782.88,10
445,83,1,597.59,0
445,14,1,18886.98,0
137,62,1,10296.57,10
137,48,1,7495.96,10
422,47,1,6899.89,20
652,103,1,10286.86,20
652,3,1,14265.92,20
1885,30,1,1325.18,0
1994,48,1,6923.53,15
1994,36,1,13759.32,15
1994,60,2,26375.86,15
1994,119,1,8136.77,15
909,71,1,27343.14,0
909,56,3,8795.22,5
1100,36,3,15135.9,0
1248,51,2,524.95,10
571,31,2,7317.37,0
939,129,1,3399.64,10
1310,100,2,13819.3,0
1310,22,1,1285.83,10
1310,28,1,11554.6,10
2093,140,2,2557.15,0
1726,68,1,27301.04,0
1726,34,1,3292.47,0
1790,4,1,7442.02,0
2477,73,1,1565.71,0
1304,129,1,3168.31,0
1304,104,1,1925.19,0
1456,48,1,6758.81,15
1456,68,1,29731.28,15
1584,90,1,4184.63,15
1517,1,1,30142.57,0
1517,63,1,7880.58,0
216,21,2,2825.44,0
216,82,1,2829.35,0
266,81,1,1911.38,0
2231,112,1,3164.23,10
2231,26,1,16969.96,10
1177,132,2,602.49,0
308,45,2,8267.4,10
308,92,1,15079.03,10
308,22,2,1141.05,10
1556,103,1,9832.52,20
1556,26,1,17334.09,20
399,62,1,9913.92,0
399,20,1,13021.87,0
803,115,1,25288.93,0
803,68,3,26959.89,0
2087,6,2,4826.74,10
2087,20,2,12951.55,10
2087,12,1,23184.98,10
819,119,1,8860.04,0
1662,7,1,65220.44,15
1381,137,1,3109.28,10
1381,27,2,16564.0,10
1381,16,2,49897.03,10
2706,7,1,66273.96,15
1218,68,1,29250.7,15
2153,120,1,19340.32,10
1951,6,1,4763.18,0
1184,54,1,3790.6,0
145,5,2,48529.06,0
145,132,1,571.23,0
249,28,2,11603.32,0
249,16,1,49591.48,0
249,2,1,56454.32,0
249,34,1,2871.68,0
755,98,1,5576.14,20
755,18,1,74455.62,20
2790,89,2,3433.02,0
2790,142,1,1429.01,0
32,1,2,29564.19,0
189,8,2,16975.06,0
189,44,1,6737.53,0
189,77,2,908.38,0
2709,96,1,1769.0,20
2876,19,1,6174.9,0
262,143,1,2222.33,15
262,58,1,20033.88,15
2232,141,1,2970.24,0
2232,115,2,24605.3,10
869,120,3,19038.56,0
98,116,1,21265.64,10
101,90,1,4322.09,0
101,21,1,2691.94,0
161,38,1,6732.02,10
161,44,1,6258.84,10
1275,101,1,9823.01,0
1275,47,1,6805.38,0
1275,45,1,8080.5,0
2806,101,1,10914.15,0
1025,48,1,7245.45,20
1025,107,1,10596.25,20
391,86,1,3061.76,10
250,20,1,13501.07,0
250,81,1,1812.47,0
2863,104,2,1925.27,0
2863,21,2,2591.47,0
1495,5,1,48119.06,0
2122,97,1,14903.49,20
1877,27,2,16956.21,0
1959,86,2,3355.32,0
1215,83,2,683.01,0
1809,40,1,3377.46,20
2321,69,1,17039.38,0
2321,22,2,1165.04,0
2253,75,1,483.42,20
255,15,2,48529.75,0
2747,76,2,4301.43,0
240,140,1,2561.62,0
240,24,2,5773.03,0
240,48,3,6608.06,0
509,99,1,12532.98,0
509,9,1,25918.27,0
383,60,1,28257.86,0
383,12,1,24569.13,0
734,9,1,24152.86,10
734,93,1,4235.99,10
464,60,1,27840.35,0
1078,54,1,3923.34,10
329,137,1,2982.54,0
2320,116,1,23555.41,10
1124,25,1,9608.56,0
1124,133,1,3069.94,0
1124,11,1,47587.26,0
158,28,2,11267.57,10
1779,37,2,300.49,0
1626,55,1,7215.58,0
2473,38,1,6266.96,0
1820,129,2,3540.8,15
1820,60,1,25797.17,15
2438,53,2,8074.11,0
1781,96,1,1875.52,0
1325,74,2,2705.15,0
1325,87,1,2399.92,0
411,109,1,9052.95,10
411,64,2,23493.75,10
2327,36,3,13588.17,10
2327,13,1,34789.13,10
2327,109,1,9148.7,10
1383,122,3,26422.97,10
528,110,1,19152.22,0
528,94,1,12417.89,0
689,93,2,4738.29,0
689,48,1,6627.1,0
1972,141,1,3332.41,0
634,12,2,24794.72,20
634,64,1,26048.68,20
634,9,1,25337.28,20
1260,136,1,2941.6,0
1660,97,1,14644.38,5
1641,114,1,28419.76,15
2225,19,1,5613.69,10
1390,57,1,26513.14,10
1093,8,3,17524.34,0
2149,63,1,7273.0,10
2149,62,1,10667.26,10
2802,80,1,1300.55,10
2802,75,1,473.35,10
488,3,1,14304.71,10
2139,68,1,28473.77,0
2801,40,2,3359.3,0
2801,119,1,9019.83,0
2693,40,1,3202.4,0
2693,128,2,735.42,10
2531,120,1,18706.41,0
2531,113,1,7951.18,0
2522,56,2,9719.38,0
2237,1,3,30973.9,0
2523,79,1,3316.99,15
2523,142,1,1347.08,15
2817,5,1,47744.68,0
2817,15,3,47160.84,0
1397,56,1,9729.64,0
2081,94,1,14033.11,0
1098,5,1,49250.56,0
1098,139,1,2843.38,0
1074,18,1,70701.0,10
1074,96,2,1967.07,10
1485,37,2,299.02,15
1485,31,1,7451.88,15
55,10,1,35482.4,10
199,13,1,35586.38,0
199,31,1,7718.51,0
28,68,1,27157.58,10
2173,24,2,6480.22,0
1387,5,1,46643.82,0
1419,121,1,27401.78,15
2631,129,1,3163.95,15
276,19,2,5684.72,20
2474,117,1,15546.96,0
2474,46,1,1352.32,0
2123,104,1,2048.26,20
2816,85,1,404.53,0
2836,37,1,291.69,0
2309,41,1,7396.38,10
2309,94,2,13337.53,0
2487,100,1,15251.26,0
2360,59,1,22963.42,20
2360,108,3,11016.17,20
2360,111,1,18714.53,20
2549,81,1,1741.95,0
2549,19,1,6361.26,0
1642,82,1,3163.53,0
1642,114,2,25646.25,0
2040,78,1,4764.18,0
2505,28,1,11370.55,20
2505,124,1,11888.29,20
2552,93,1,4177.02,0
2552,104,1,1949.47,0
2552,3,1,15221.84,0
1950,113,1,7688.0,10
2430,91,1,5916.75,15
2430,73,2,1571.26,15
2430,26,1,16652.2,15
2430,48,1,7234.97,15
2525,64,1,24941.5,0
1105,12,1,25034.6,20
1105,13,1,38335.0,20
1555,72,1,15675.57,0
1014,39,1,6608.48,15
2245,63,1,8062.72,10
647,59,1,25174.15,0
510,84,1,1665.1,0
510,83,1,684.38,0
753,70,1,10870.22,10
753,122,1,27647.81,10
396,130,2,2040.6,0
533,132,1,630.22,20
374,94,3,13799.98,10
374,130,1,2086.48,0
374,64,1,25775.97,0
2722,114,1,27705.63,0
878,65,1,1037.06,0
184,29,2,2108.62,0
706,1,1,30016.33,0
405,20,1,12448.93,10
46,108,1,11940.08,15
1616,93,1,4399.11,0
1740,142,1,1393.38,0
1740,131,1,2139.92,0
57,46,1,1286.41,0
2678,127,1,3070.21,0
2678,87,2,2507.81,0
1666,58,1,19469.03,10
2218,86,1,2953.11,0
1898,104,1,1958.72,0
1229,86,1,3108.45,0
1949,127,1,3118.32,0
1949,68,1,30429.31,0
2273,19,1,5561.32,10
1690,94,2,12720.14,0
2726,76,1,3867.87,0
2031,130,1,2109.54,0
2031,87,1,2585.87,0
2031,17,2,7939.97,0
2031,15,1,49057.81,0
1127,99,3,11818.97,15
481,8,2,16103.63,0
455,78,1,4349.71,0
2873,31,1,7107.93,10
1728,17,2,8309.52,0
1728,93,1,4317.36,0
824,32,1,16143.67,20
1170,35,2,1911.78,0
1170,22,2,1261.68,0
1170,37,1,303.4,0
805,110,3,17440.92,10
1661,126,1,8961.61,10
1661,131,1,2193.32,10
622,54,2,4062.01,10
1116,85,1,451.23,0
1116,100,3,14088.75,0
2100,115,1,24380.5,10
991,119,1,8777.27,0
2131,98,2,5566.4,0
2131,6,1,5246.06,0
168,110,1,18842.86,0
2332,13,1,34791.82,0
610,112,1,3397.91,10
610,9,1,26788.51,10
182,59,2,23566.6,10
1243,52,1,3090.26,0
1243,73,1,1497.07,0
954,109,1,9674.91,0
1571,135,1,1439.6,0
1571,94,1,12610.91,0
964,86,1,3246.45,5
2629,128,1,659.02,0
2629,9,2,24040.96,10
2190,97,1,15388.24,0
2190,40,1,3274.35,5
2190,64,2,24340.39,0
1856,94,1,12776.98,5
1856,43,1,2940.5,0
2630,69,1,16246.39,0
2630,38,1,6841.76,0
2630,67,1,4524.65,0
1303,119,1,8487.34,0
1303,107,1,10416.34,0
2382,108,1,11356.0,0
2381,95,2,8824.73,20
2381,86,2,3361.46,20
2381,90,2,4081.08,20
2855,36,1,14550.83,0
2855,27,1,16407.18,0
1004,2,1,56676.02,0
1004,109,1,9138.11,0
1004,85,3,424.58,0
2378,73,1,1527.56,0
2378,27,1,16755.1,0
2191,16,3,48492.58,20
2191,66,1,13716.78,20
530,3,1,15678.34,0
296,59,1,25692.7,0
296,31,1,7458.21,0
296,10,1,35322.82,0
296,116,1,21333.92,0
351,39,1,7318.72,0
975,46,2,1241.84,0
2011,114,1,28780.37,20
1162,70,1,12049.78,0
2224,45,1,7827.49,0
1438,16,1,46489.74,10
2358,76,1,4091.95,0
2358,18,1,72731.91,0
1769,140,2,2552.68,0
1769,18,1,73427.36,0
418,94,1,14052.18,20
418,66,1,13171.58,20
418,78,1,4789.26,20
2355,96,1,1953.25,0
2811,64,1,24538.4,0
2880,114,1,28978.49,0
1362,122,2,25583.81,0
1498,49,1,4651.66,0
1491,56,1,9679.78,10
1256,38,1,6360.7,0
1638,13,1,37808.77,0
1279,109,1,9242.98,20
1279,22,2,1210.77,20
1279,18,1,72238.94,20
1244,116,1,21513.44,10
1016,7,1,62481.14,10
1016,20,2,11874.67,10
1037,77,1,816.98,0
1037,128,2,664.43,0
1793,41,1,8386.03,10
1435,55,1,7686.02,0
1435,49,1,5186.74,0
1435,79,1,3108.29,0
2846,69,1,16472.17,0
2201,113,1,7703.77,0
2449,83,1,650.68,0
2572,113,1,7531.82,0
2572,57,1,29332.53,0
50,64,2,25625.82,0
1474,82,2,3171.18,0
1474,128,2,674.52,0
1474,111,1,17905.13,0
326,53,2,7838.94,0
326,144,1,1664.01,0
2144,20,2,12647.2,15
2144,50,1,510.0,15
2144,53,1,8633.17,15
2013,51,1,538.73,15
2618,20,1,12501.29,0
2268,35,1,1818.07,0
2268,3,1,15595.1,0
2342,27,2,16803.0,0
967,93,2,4416.2,0
967,122,1,25865.5,0
728,144,1,1596.65,20
547,46,1,1265.82,20
547,14,1,18602.24,20
547,80,1,1208.55,20
1148,8,1,16747.06,0
2227,43,1,2893.16,0
1472,87,1,2567.64,15
1472,97,1,13778.1,15
880,92,1,14949.07,20
880,61,1,23445.21,20
201,83,3,624.51,0
2578,2,1,58251.43,0
1082,62,1,10221.35,0
1580,26,1,17341.91,15
852,46,1,1382.34,20
852,27,1,17025.35,20
852,68,1,29166.39,20
1947,97,1,14913.28,0
1947,47,1,7358.0,10
1947,94,1,13531.74,0
325,104,1,2034.42,0
1961,72,1,14591.16,0
2113,66,2,13610.81,0
2113,94,2,13302.65,0
2113,127,1,3102.42,0
2113,59,1,22971.34,0
1976,77,1,822.59,0
2372,53,2,7899.4,0
2372,66,2,12443.58,0
2372,139,1,2909.67,0
2372,74,2,2974.2,0
53,20,3,12219.35,20
856,38,1,6067.77,0
856,69,1,15221.03,0
994,128,1,745.2,10
994,42,2,3086.74,10
1388,143,1,2173.53,0
87,44,1,6816.17,15
1392,87,2,2410.56,0
1392,83,1,613.96,0
1887,83,1,652.83,20
1887,143,1,2104.14,20
2328,42,2,2975.11,20
1657,143,1,2048.36,0
1657,125,2,28895.46,10
324,45,1,7784.31,20
1372,108,1,11419.11,0
143,17,1,8155.19,10
1064,63,2,7544.34,0
2356,109,1,9830.77,10
2356,31,3,7893.34,10
2356,40,1,3297.5,10
2356,105,2,458.37,10
156,2,2,54030.99,0
156,97,1,15373.55,0
1268,93,1,4558.44,5
1268,111,2,18280.28,0
1323,110,1,19434.76,0
1741,66,3,13682.07,0
1741,108,1,11876.74,0
1741,144,1,1634.17,0
2078,118,1,6128.44,0
1521,96,1,1996.62,10
2711,7,1,67508.81,15
1201,97,2,13667.05,0
2886,121,2,25400.62,10
2862,5,1,44548.12,0
2862,10,1,35815.73,0
2862,25,1,10663.8,0
1120,70,1,11741.66,0
1143,115,1,25332.72,0
1984,1,1,29724.19,0
1277,112,1,3319.54,15
1277,88,1,3101.02,15
2001,96,2,1805.23,0
2001,10,1,35818.05,0
2001,14,2,19178.43,0
257,141,2,2983.96,0
380,113,1,7909.92,0
1136,97,2,15197.88,10
1035,101,1,10088.27,0
2624,140,2,2616.61,0
1663,25,1,10290.66,15
1665,30,1,1304.75,0
563,17,3,8530.54,0
2755,34,1,3278.33,10
438,56,2,9252.56,0
1096,119,1,8388.56,20
1096,19,1,6142.72,20
1096,47,1,7349.38,20
155,23,1,5220.27,10
2277,2,1,55547.97,0
1010,33,1,5476.01,0
1010,73,1,1515.18,0
1010,26,1,16430.4,0
18,22,1,1230.41,0
18,40,1,3351.93,0
18,133,1,3243.46,0
18,68,1,27007.28,0
2024,71,2,29519.99,0
1992,21,1,2774.15,20
2021,62,1,10341.67,0
2021,130,1,2096.93,0
936,17,1,7728.93,20
936,45,1,7907.28,20
544,73,2,1533.43,0
712,125,2,28062.13,0
712,142,2,1459.51,0
712,18,1,73443.5,0
2576,24,1,6033.58,15
501,133,1,2964.08,20
501,60,2,26495.82,20
501,46,1,1297.44,20
810,36,1,15156.78,0
810,92,1,15872.41,0
2259,86,1,3223.41,0
701,31,1,7355.43,20
701,94,3,13530.83,20
701,56,2,9798.28,20
2097,32,1,14925.95,0
2097,23,1,5205.14,0
2048,28,1,11248.7,5
1247,18,1,68456.18,0
1247,68,1,26734.33,0
1247,105,1,505.99,0
686,65,1,1078.31,0
686,73,3,1478.87,0
686,130,1,2009.6,0
1257,123,1,1180.73,20
1021,7,1,63280.94,0
1163,35,1,1911.63,0
1163,79,2,2978.24,0
1702,104,2,1886.36,20
937,75,1,488.43,0
937,102,1,2949.18,0
943,104,3,1901.56,0
740,52,1,3136.22,0
740,14,2,18345.07,0
1841,34,2,3277.71,10
1108,143,1,1970.14,10
1108,70,1,10884.43,10
1079,69,3,17066.61,10
1529,1,1,29520.71,15
1529,94,1,12860.36,15
1529,26,1,18279.94,15
1529,140,1,2500.04,15
2094,137,1,3075.9,5
2785,53,1,8310.3,20
2785,86,2,3121.99,20
2479,39,1,6919.03,0
2479,103,2,10510.84,0
333,85,1,413.31,0
333,121,1,27490.56,0
401,130,2,2205.2,0
2298,74,2,2772.23,0
2298,91,1,5901.32,0
2819,144,1,1639.07,0
420,104,1,2020.93,10
420,14,1,17864.68,10
59,52,1,2915.23,0
1439,53,2,7987.54,0
745,75,3,496.48,0
745,87,1,2471.46,0
745,42,2,3187.11,0
809,125,1,25820.36,0
1019,34,2,2903.88,0
1725,101,1,10459.04,0
1725,56,1,9405.09,5
1347,96,1,1784.25,0
1465,59,1,26045.17,0
1861,25,2,10231.59,0
607,76,1,4327.54,5
1824,97,1,14508.55,0
2009,1,1,28683.09,0
2283,80,1,1323.06,10
515,132,1,574.6,10
2699,112,1,3212.47,0
1305,60,1,25506.38,0
965,86,1,3145.14,20
386,38,1,6868.02,0
951,99,1,11905.69,20
490,25,2,10210.79,0
429,57,1,26689.73,10
429,113,1,8193.7,10
429,63,1,7947.93,10
414,44,1,6589.33,10
781,101,1,10946.89,0
2189,103,2,10066.01,0
2189,22,1,1232.92,0
2189,90,1,4449.88,0
1066,2,1,55582.72,10
807,101,2,11125.13,0
1592,43,1,3122.79,15
2215,59,1,23906.69,0
2215,55,1,8011.55,0
2132,96,1,1789.03,20
1611,90,1,4506.79,0
295,51,1,541.6,15
2551,83,1,609.2,20
462,66,1,13875.62,0
462,42,1,3310.51,0
462,65,1,1114.14,0
1997,13,3,38831.54,10
1997,127,1,2992.3,10
2433,129,2,3492.65,10
2807,47,2,6905.82,0
2364,93,1,4258.93,0
1076,144,1,1717.15,0
2484,93,2,4689.96,15
2252,99,2,12365.9,15
2252,70,1,11662.01,15
1140,76,1,4272.21,20
1282,43,1,2923.59,0
1282,115,1,25202.27,10
1282,101,1,10988.86,0
1282,40,2,3401.13,0
475,120,1,19048.42,0
891,103,1,10408.89,0
256,111,1,17796.46,0
256,86,1,3046.97,0
2612,36,2,13473.84,0
1481,54,1,4062.86,0
1481,63,2,7577.96,0
1860,39,1,7538.04,10
1860,120,1,18848.68,10
2558,129,1,3145.2,0
2558,13,1,37360.71,0
815,55,1,7448.55,5
815,106,2,9283.59,0
2249,16,1,44580.74,15
615,133,1,3178.1,0
615,36,1,14558.97,0
2419,60,1,27189.82,0
1200,116,1,22011.83,0
2343,116,1,21721.25,0
2455,30,2,1479.89,0
1848,21,1,2815.8,0
1848,61,1,24846.91,10
974,39,1,6687.45,15
604,86,2,3137.75,0
902,47,1,6937.61,0
2202,123,1,1190.45,20
1269,27,1,17227.43,20
1761,115,2,26926.66,0
519,144,3,1764.41,0
1857,24,3,5919.35,0
1857,107,1,11163.77,10
1061,143,1,2031.88,0
1061,121,2,28014.63,0
2079,122,1,24539.93,0
1045,20,1,12987.32,0
1045,11,1,47989.16,0
2171,115,1,23888.28,20
2068,118,2,5872.53,0
2533,40,1,3535.75,0
641,132,1,561.87,0
680,72,1,16390.57,0
589,2,1,59149.68,10
154,117,1,16014.09,15
2492,58,2,20322.64,0
2492,85,1,399.95,0
683,126,1,8927.14,0
1003,91,1,6174.64,0
25,88,3,2851.78,15
25,21,1,2906.89,15
25,142,1,1436.28,15
2416,120,1,19349.22,0
284,5,1,49410.59,10
284,128,1,706.78,10
2885,129,1,3325.06,10
2885,88,1,2992.76,0
2885,78,1,4369.64,0
454,10,1,34413.07,0
454,40,1,3550.3,0
2592,33,1,5613.6,0
2713,82,1,3055.4,20
2713,34,1,2970.41,20
2841,140,1,2521.89,5
2864,46,1,1237.58,0
2864,86,1,3110.35,0
1566,81,2,1865.25,0
1446,126,1,8300.92,0
1446,97,1,14094.24,0
1446,37,1,295.53,0
1542,63,1,7579.23,15
1509,35,2,1795.47,10
1431,4,2,7343.83,0
1071,114,1,27958.65,15
1071,97,1,14147.41,15
71,58,1,18732.35,15
186,87,1,2456.29,0
2589,94,1,12369.88,20
1042,34,1,3088.01,0
1426,6,1,4877.77,0
1683,79,2,3325.42,0
1683,115,3,24942.19,0
121,88,1,2957.07,0
23,78,1,4488.01,15
23,72,1,16328.88,15
421,21,2,2710.51,0
421,128,2,692.24,0
279,91,1,5706.58,20
279,106,2,9561.17,20
1803,92,1,15417.7,0
611,69,3,16398.44,0
1450,98,1,5828.42,15
1450,109,1,9929.59,15
2337,60,2,26977.55,0
2337,135,1,1323.96,0
2745,24,1,5729.96,0
2622,126,1,8648.16,0
2622,61,1,26149.19,0
1375,82,1,3041.37,0
1375,32,2,15545.94,0
1570,6,1,5116.24,15
2203,8,1,17620.22,10
2203,18,1,74411.41,10
2203,30,1,1473.38,10
123,61,1,24756.49,10
1537,109,1,9199.11,5
1537,64,1,23262.46,0
265,15,1,45815.67,20
1903,141,1,2994.4,0
1903,56,1,9501.7,0
1808,124,1,12241.29,0
1808,129,1,3422.41,0
1750,108,1,11870.5,20
1750,135,1,1413.03,20
2777,111,1,18333.57,0
2777,115,1,26316.99,0
2420,53,1,8211.68,0
1094,79,1,3267.42,0
1094,74,2,2997.28,0
1094,59,1,25745.5,0
2326,119,1,8297.87,0
2422,71,1,29605.34,0
2422,141,1,3249.54,0
2422,140,1,2583.32,0
2180,53,1,8129.26,0
1138,81,1,1930.23,15
241,10,3,33986.0,0
241,76,1,3952.4,0
241,75,1,442.32,0
1970,115,1,24828.47,0
1601,23,1,4952.26,0
2568,132,1,639.96,0
1505,118,1,6078.27,0
1687,53,1,7731.32,0
305,47,1,6522.39,0
305,44,1,6596.36,0
2691,36,1,13509.32,10
2691,40,1,3194.46,10
2691,120,1,19161.79,10
2310,52,1,3013.19,20
534,69,1,17026.63,10
534,58,1,19803.98,10
1927,97,1,15251.76,0
1996,38,1,6935.4,0
1996,108,1,11284.14,5
1996,118,2,6479.73,0
346,24,3,5990.8,10
2690,12,1,24815.61,0
735,40,1,3440.22,0
735,128,3,725.22,0
2882,90,2,4471.05,0
2882,137,1,3055.77,0
2882,73,1,1434.76,10
2882,6,1,4853.99,0
644,83,1,626.09,0
1352,143,1,1990.54,10
1352,135,1,1337.97,0
1352,76,1,4223.87,0
1266,139,1,2842.04,0
1897,131,1,2190.47,0
1897,62,1,10957.47,0
1551,27,1,18019.09,0
1891,66,1,12335.93,0
853,142,1,1398.61,0
853,33,1,5576.2,0
853,11,1,45919.12,0
853,119,2,8992.17,0
1742,34,1,3257.56,0
1333,129,1,3419.18,15
1333,78,1,4504.15,15
968,4,2,8133.53,0
2761,17,1,8739.43,20
2761,6,1,4777.05,20
206,42,1,3160.38,0
160,67,1,4727.45,0
314,70,1,11569.76,20
2147,122,1,24865.76,20
2147,125,1,28266.75,20
2147,97,1,14361.51,20
2077,77,1,875.82,10
2390,31,2,7428.7,10
2390,27,1,17300.11,10
2591,39,1,6685.76,15
578,83,1,671.47,0
578,10,1,34434.99,0
578,14,1,18817.96,0
578,4,1,8150.67,0
1534,130,2,1941.9,0
2775,65,2,1172.51,15
521,60,1,26947.77,0
514,76,2,4157.23,0
675,17,1,8377.17,20
901,103,1,9926.93,0
901,96,1,1919.61,0
833,61,1,24157.92,0
2788,57,3,29425.18,0
2788,80,1,1233.53,0
1727,36,1,13608.91,15
1727,84,1,1732.77,15
1727,122,2,24167.11,15
282,4,1,7984.37,0
2737,61,2,25781.75,0
2737,35,1,1980.02,0
762,56,1,8958.49,0
762,80,1,1317.26,0
2179,141,1,3277.28,0
2179,13,1,37271.55,0
2729,109,1,9476.41,0
2733,85,1,404.47,0
2733,64,1,26017.33,5
2510,39,1,7514.53,0
90,55,1,7945.24,0
90,36,1,14584.39,0
90,94,1,12452.21,0
1586,128,1,658.39,0
940,84,1,1607.52,0
1956,57,1,29421.45,0
1956,41,1,8349.02,0
1956,14,1,17718.27,0
1956,36,2,14975.52,0
1703,108,1,11337.46,20
1703,111,1,18777.83,20
1780,67,2,4522.77,0
1209,110,1,17646.13,0
2577,126,1,9301.31,0
2577,118,1,6093.03,0
2577,62,1,10183.44,0
2577,17,1,8330.69,0
1939,1,1,31111.39,0
780,118,1,6362.72,20
780,44,1,6982.7,20
1,15,2,46653.28,10
677,9,3,25577.16,0
377,53,1,7853.21,10
377,115,1,25757.81,0
2735,31,1,6977.21,0
2735,122,1,26826.34,0
2735,130,1,2015.01,0
45,56,1,8772.04,20
594,10,1,34781.48,15
594,30,1,1312.83,15
40,20,1,12187.45,0
1653,107,1,11032.82,10
193,115,1,24658.98,0
193,56,1,8904.98,0
193,30,2,1373.68,0
193,95,1,8470.72,10
1252,72,1,16261.07,20
983,20,1,13443.21,15
983,67,1,4179.65,15
983,133,1,3197.16,15
1222,26,1,17630.35,10
928,11,1,46976.79,0
928,73,1,1502.31,0
1411,105,3,497.42,0
949,115,1,23565.0,0
949,63,1,7257.01,0
165,127,2,3087.29,0
2308,36,1,13289.53,0
616,138,1,1830.61,0
2588,119,1,8983.7,0
2588,122,1,25934.0,10
1548,82,2,2944.21,0
440,111,1,18728.9,15
1159,104,3,1921.97,0
1236,49,1,4783.48,10
1236,106,1,8886.54,10
1236,89,1,3018.66,10
109,58,1,20006.62,0
109,77,1,887.52,0
109,123,1,1101.04,0
398,143,1,1989.79,0
93,87,1,2502.18,0
1242,96,2,1932.8,0
1242,43,1,2924.12,0
1242,137,3,3143.06,0
1313,50,1,470.21,0
328,83,2,658.98,0
328,94,1,12726.47,0
68,53,1,8720.61,0
68,59,1,23806.89,0
106,21,1,2700.29,0
1250,36,1,13939.83,10
1850,115,1,24732.9,5
149,81,1,1709.2,0
149,131,2,2105.08,0
149,127,1,2990.58,0
149,99,1,11830.45,0
2414,60,1,27007.12,0
2414,4,3,8226.11,0
759,6,3,5034.76,0
759,107,1,10939.05,0
759,35,1,1866.18,0
759,90,1,4435.71,0
2460,46,3,1358.95,15
2753,7,1,66033.39,20
2753,27,1,17845.52,20
2547,65,3,1054.72,20
2547,119,2,8174.21,20
1273,59,1,22889.33,0
2633,121,1,26164.67,0
2633,114,1,25632.57,0
2633,42,1,3088.66,0
2216,55,1,7788.58,20
1837,132,1,638.81,10
1837,114,1,28860.5,10
1837,43,2,2802.65,10
2359,58,1,18328.68,15
2359,70,3,12332.3,15
2359,141,1,3353.39,15
2359,142,1,1458.84,15
1525,129,1,3542.95,20
1525,23,1,5185.58,20
1672,7,1,67732.74,0
2148,100,1,13774.61,5
29,1,3,29059.73,0
512,109,1,9912.87,0
1309,82,1,2873.02,0
1309,100,1,14072.34,0
1309,125,1,28855.39,0
863,52,2,2942.61,0
290,48,1,7036.53,0
990,119,2,8905.64,0
2636,106,1,9310.43,0
511,94,1,12374.18,10
166,39,1,7069.2,15
74,41,1,8076.37,0
483,58,1,18378.47,0
483,105,1,468.64,0
483,38,2,6775.9,0
442,108,1,11560.1,0
442,73,1,1484.7,0
1033,127,1,2998.62,10
1033,112,1,3081.9,10
2719,137,1,2889.0,0
1764,133,1,3264.82,15
2239,84,1,1731.42,15
2239,81,1,1956.81,15
2800,31,1,7654.86,0
2403,19,1,6356.73,0
2749,137,1,3110.91,20
2030,66,1,12737.92,0
559,74,3,2985.42,0
452,62,1,10835.29,20
2222,97,1,15488.38,0
2222,43,1,3192.21,0
844,101,1,10551.14,15
1081,51,1,565.34,5
1081,40,1,3542.44,0
1081,14,2,17112.44,0
1609,31,2,7608.34,15
1554,46,1,1248.19,0
1554,94,2,13399.97,0
1554,68,1,29699.71,0
2561,85,2,427.46,0
1736,75,2,496.31,0
1736,96,1,1930.28,0
1736,109,1,9136.4,0
1736,127,2,2996.89,0
142,96,1,1748.82,10
142,25,1,10186.83,5
1414,107,2,10916.69,0
687,70,1,10983.21,10
687,48,1,6859.15,10
908,82,1,2929.84,0
491,131,1,2187.6,0
491,139,1,2946.74,10
491,106,1,9574.74,0
1263,138,1,1983.51,20
342,80,1,1286.16,15
342,68,1,28055.2,15
506,27,1,17799.0,0
916,41,1,7543.3,0
1889,113,1,8484.34,0
1889,87,1,2315.4,0
1225,142,1,1404.52,0
1225,71,1,28066.58,0
1225,125,1,25533.61,0
1447,59,1,22952.12,0
1447,56,1,9000.78,5
2640,49,2,4725.26,0
1337,135,1,1320.96,0
1337,7,1,67126.84,0
1146,118,1,6467.34,10
1547,76,1,4377.12,0
1547,85,1,422.75,0
984,2,1,58587.64,0
1713,28,3,11077.04,0
1713,123,1,1132.8,0
1713,117,1,15933.87,0
1713,85,1,432.92,0
1639,125,1,26090.19,20
1639,104,1,1956.03,20
1639,46,1,1373.85,20
1147,131,1,2088.04,0
1147,113,3,8509.4,0
2542,107,1,10962.84,0
1733,142,2,1456.11,10
1499,144,1,1747.33,10
1519,95,1,8326.64,10
696,12,1,23361.62,0
696,74,1,2974.66,0
696,89,1,2995.31,0
2605,69,1,15969.92,10
2605,129,1,3327.39,10
821,45,1,7593.61,0
786,31,1,7924.27,0
1063,19,3,5547.48,15
1875,90,1,4409.26,0
764,22,2,1288.67,15
2585,103,1,10252.4,5
2585,104,1,2090.73,0
1828,105,1,494.55,10
1828,115,1,23824.87,10
1371,103,1,10020.32,0
293,127,2,3114.63,0
247,17,1,7853.06,0
247,98,1,5969.26,0
247,12,1,24918.25,5
494,35,1,2036.26,0
494,130,1,1936.16,0
494,42,1,3073.47,0
19,77,1,886.77,0
19,7,1,61854.95,0
1789,66,1,13568.78,10
1789,139,2,2948.61,10
1685,90,1,4195.98,20
1907,83,3,678.48,0
1827,67,1,4336.95,20
2302,61,2,24079.0,10
2302,143,1,2234.32,0
406,86,1,3317.16,10
2832,119,1,8684.33,0
2832,36,1,14623.64,0
2832,55,1,7699.29,0
564,97,2,15495.23,10
254,6,2,5018.9,0
1508,10,1,34152.75,0
1430,39,1,6738.45,0
91,105,1,502.94,20
91,35,1,1978.42,20
91,136,2,2837.96,20
1998,57,1,26375.54,0
993,81,2,1882.92,20
993,121,1,28374.66,20
987,15,2,46347.0,15
987,49,1,5019.68,15
2466,55,1,8017.33,0
2046,35,1,1830.96,20
1054,60,2,28270.9,5
1814,51,1,534.13,15
1814,76,1,4091.71,15
1876,126,1,8375.28,0
2012,6,1,5141.72,0
921,39,1,7359.3,10
921,72,1,14986.69,10
921,141,2,3214.19,10
390,128,1,706.78,20
390,111,1,19708.51,20
1044,35,1,2024.01,20
2681,109,1,9744.8,15
2614,120,1,17397.43,0
2692,130,3,2148.59,15
2692,79,1,3044.47,15
2339,118,1,5983.99,0
2339,137,1,3271.03,0
2339,81,1,1867.19,0
692,81,1,1874.74,10
1516,29,1,2200.8,0
1758,37,1,292.03,0
1758,28,1,10768.92,0
760,83,2,634.04,0
760,143,1,2234.86,0
1684,51,1,498.47,20
2421,70,2,11441.48,10
2421,86,1,3265.18,10
1981,110,1,19147.26,10
1981,134,2,2473.88,10
2186,54,2,3796.73,0
2186,28,1,10955.77,0
2780,28,1,11087.37,20
2780,68,1,27703.73,20
2780,124,2,12144.67,20
2780,92,3,15298.82,20
469,34,1,3275.49,10
2754,17,2,8001.38,0
2754,85,1,403.35,5
1349,135,1,1366.94,15
1349,60,1,27607.41,15
1349,66,1,13448.38,15
2528,41,1,8388.11,0
1751,118,1,5932.48,0
1751,41,1,7630.14,5
1597,32,1,15375.61,10
1574,72,1,16311.39,15
822,82,1,2849.42,20
829,121,1,26961.67,15
682,125,2,28037.4,5
767,83,1,656.05,15
283,69,1,15951.08,0
283,78,1,4182.24,0
283,49,1,4928.15,0
283,135,2,1302.28,0
2238,89,1,3431.15,0
1005,89,1,3040.76,15
1502,106,1,8433.07,20
1299,66,2,13055.81,0
1777,115,1,23874.57,20
1777,123,1,1172.2,20
107,66,2,13340.52,0
107,21,1,2793.9,0
459,57,2,28772.6,0
44,30,2,1350.73,0
44,7,1,65538.38,0
44,131,1,2094.93,0
671,50,2,457.25,0
2311,97,1,15354.42,20
2284,18,1,70712.63,0
2160,2,1,52976.1,10
1020,52,3,3013.37,20
1652,12,1,25461.51,10
1652,75,1,489.08,10
1900,21,3,2758.88,0
1384,62,1,9641.98,10
1172,115,1,24851.34,0
1165,47,1,7382.8,10
1165,138,2,1888.68,10
1929,87,1,2463.69,0
1869,40,1,3310.85,0
1869,30,1,1375.28,0
2157,42,1,3267.29,0
2821,6,2,4971.11,0
2821,131,1,2203.02,0
1644,129,1,3385.7,10
1738,60,1,28783.62,5
1738,6,1,4718.03,10
1738,11,1,49868.02,0
1667,39,2,6865.18,0
1667,40,2,3393.86,0
1667,17,1,7687.13,0
1667,119,1,8215.74,0
1854,10,1,36000.87,0
1040,119,1,8342.96,20
629,101,1,10746.12,0
24,122,1,25070.7,0
24,109,1,9222.39,0
1483,93,1,4273.44,10
1483,37,1,308.16,0
773,7,1,61971.82,0
773,131,3,2143.74,10
394,8,1,16700.16,15
394,70,1,11653.59,15
793,55,2,7482.18,0
793,126,2,8646.96,0
793,125,1,28519.15,0
942,97,1,15176.08,0
942,104,1,1949.43,0
1002,23,1,5077.17,0
1002,87,1,2468.79,0
480,112,1,3291.32,20
480,70,1,11104.34,20
1868,132,1,629.23,10
2427,109,1,9916.64,10
2427,143,1,2193.48,10
1971,48,1,7417.31,0
1971,67,1,4584.53,0
2789,113,1,7951.85,15
2789,55,3,7750.58,15
1902,63,1,7250.06,0
1902,144,2,1751.83,0
1819,124,1,11849.96,0
2647,98,1,5479.17,0
2828,96,2,1762.92,0
2680,117,1,15506.56,0
2680,21,1,2623.26,0
2742,105,1,509.96,20
1057,36,1,13631.82,0
498,106,3,9073.97,20
918,91,1,5690.58,15
651,118,1,5866.04,15
2694,3,1,14885.81,0
2694,92,1,15381.17,5
1175,8,1,17132.47,0
1988,22,1,1155.26,15
1988,132,2,599.42,15
1988,89,1,3179.08,15
1464,125,1,28677.84,10
1464,27,1,17428.56,10
927,33,1,5568.12,0
2658,115,1,23960.78,20
2658,136,3,2819.11,20
2673,50,2,469.99,0
2673,51,1,559.34,0
2673,40,1,3280.26,5
2673,107,1,10687.86,0
2548,128,1,691.99,15
2548,124,1,11677.5,15
1482,39,3,7253.43,15
1482,120,2,17871.75,15
1482,61,2,22966.8,15
253,114,1,28388.67,0
253,133,1,3131.78,0
888,33,1,5801.4,15
888,65,1,1162.93,15
2018,43,1,3143.62,0
2794,76,2,4355.49,0
2794,25,1,10755.51,0
2794,65,1,1108.13,10
1562,142,1,1320.83,0
1562,117,1,16355.65,0
1562,4,1,8054.73,0
971,44,1,7073.54,0
1153,54,3,3719.81,0
1153,33,1,5210.42,10
1153,62,2,10791.86,0
741,32,1,14274.66,20
741,99,2,11637.74,20
1374,5,1,48921.49,10
2740,9,1,25270.65,0
2740,132,1,640.72,0
2740,131,2,2238.89,0
1155,24,1,5933.19,0
1011,103,1,9363.53,15
1011,99,1,11628.07,15
1011,18,2,72904.92,15
1445,117,1,17126.92,0
439,136,1,2771.32,10
1272,27,1,17500.37,0
320,43,1,3127.47,20
320,49,2,5056.39,20
768,139,1,2945.75,10
768,64,1,25999.23,10
470,124,1,12544.56,0
261,96,1,1777.65,0
261,27,1,17522.84,0
261,33,1,5635.71,0
602,122,1,26803.36,0
2538,4,1,8147.8,10
2538,108,1,12027.91,10
2200,8,1,15871.93,5
2200,121,2,26541.97,0
2127,76,3,4275.75,0
2002,101,1,10185.84,0
2069,121,1,25538.86,0
2069,36,1,13811.57,0
2069,112,1,3172.01,0
2472,124,2,12018.83,20
2472,71,1,28892.16,20
2472,54,2,4098.56,20
1926,47,2,6982.77,15
1812,132,1,615.71,20
1230,92,1,14483.78,15
1838,43,1,3183.44,0
1804,87,1,2496.99,20
1923,43,2,2927.82,20
1923,60,1,26275.04,20
1923,41,1,7542.57,20
1878,115,1,25986.08,0
2471,114,1,25964.75,0
1058,56,1,9685.0,0
1058,10,1,34094.16,0
1058,77,1,866.26,0
776,109,1,9050.2,0
1969,12,1,23811.33,0
1249,41,1,7370.81,0
1249,31,2,7827.48,10
204,6,1,4842.9,20
659,20,1,12731.09,20
2672,120,2,19525.26,10
2319,17,1,8675.61,15
774,100,1,13518.3,10
778,104,1,1890.33,20
778,131,1,2374.28,20
1881,6,1,4900.84,0
1637,142,1,1451.64,0
1637,36,1,14780.09,5
649,144,1,1795.55,0
2734,61,2,26340.13,0
2734,109,1,9332.42,0
1901,66,2,12304.82,15
1319,83,3,596.98,20
1568,9,1,26440.47,15
1568,41,1,8015.34,15
811,15,1,48000.22,0
811,122,1,24275.22,0
1013,139,3,2979.43,0
1332,130,1,2101.53,0
2500,44,1,6597.51,20
1757,136,1,2775.8,15
1757,15,1,46938.01,15
838,10,1,36789.08,0
721,63,1,8060.81,0
590,64,1,24404.49,20
648,127,1,3038.42,0
648,24,1,5840.82,0
574,62,1,10960.0,0
574,127,2,3228.67,0
574,25,1,10425.56,0
713,60,1,28287.5,0
2027,53,1,8221.25,0
2027,57,2,28917.78,0
2027,75,2,485.12,0
2027,76,1,4078.22,5
2389,82,3,3153.88,0
1995,10,1,33072.97,0
1995,44,2,6826.65,0
1026,43,2,3042.12,0
2366,93,1,4269.54,0
1640,34,2,3170.25,0
1640,15,1,46028.42,0
733,66,1,13483.55,15
733,123,1,1186.18,15
1590,127,1,3143.91,0
1590,2,1,57253.48,0
2386,27,1,16295.09,0
2798,125,1,27551.42,10
2546,115,1,24521.29,20
2546,131,1,2350.39,20
2546,110,1,18834.04,20
2047,127,1,3065.76,0
2047,53,2,8106.75,0
2047,132,1,562.19,0
1360,112,2,3076.36,10
2669,61,2,24378.63,0
2646,3,3,15546.66,0
989,66,1,13882.34,0
633,136,1,2762.92,0
633,17,1,8503.64,0
654,82,1,2883.98,0
2185,138,1,1945.14,0
2185,61,1,26338.8,0
697,132,2,563.44,20
381,44,1,7141.87,0
1631,130,1,2158.11,15
1859,114,1,28881.44,10
354,2,1,59819.63,15
140,70,1,10929.52,10
140,125,1,26844.35,10
140,74,1,2698.46,10
2645,137,1,2982.36,10
2453,64,1,23571.22,0
2000,138,1,1989.24,0
742,88,1,2909.85,10
742,112,1,3121.02,10
742,99,1,11442.4,10
935,123,2,1110.46,20
935,141,1,3235.7,20
1399,15,2,43507.85,0
1399,91,1,5545.99,0
1208,31,1,7755.16,20
553,49,1,4633.7,0
1791,59,1,23994.7,0
1791,1,2,32128.26,0
1791,50,1,454.32,0
2043,87,1,2553.87,0
2043,48,1,6710.53,0
85,86,1,3196.3,20
85,109,1,9686.64,20
85,6,1,4773.77,20
382,110,1,18939.36,10
382,58,2,18912.73,10
2363,56,1,9372.29,15
542,142,1,1395.28,0
20,51,2,546.8,20
20,12,1,24885.87,20
1376,42,2,3250.45,20
1376,72,1,16119.78,20
1376,121,1,27975.68,20
1376,18,1,71377.84,20
428,73,1,1473.66,0
428,13,1,36385.06,0
368,45,1,8472.68,20
369,50,2,467.98,15
369,54,1,4072.73,15
1192,94,1,13108.6,20
882,112,2,3211.56,15
882,98,1,5709.1,15
1501,93,1,4630.67,5
523,1,1,28996.98,0
2478,140,1,2541.21,0
2318,88,1,3055.12,0
2393,136,1,2905.25,0
2393,74,1,2818.22,0
2685,75,2,484.08,15
1067,46,1,1269.24,0
487,104,1,1924.7,10
1783,75,1,465.23,20
2848,108,1,12104.87,0
1934,16,1,46537.41,0
1934,10,1,32739.91,0
1418,112,1,3315.79,0
1418,37,1,315.72,0
1418,76,2,4321.51,0
423,7,2,60783.54,15
453,31,1,7614.7,0
2145,6,2,4856.72,20
180,110,1,17330.57,0
1432,51,1,557.5,0
1432,6,1,5225.17,0
1810,60,1,26985.41,20
1810,46,1,1282.41,20
2226,43,3,2831.84,0
146,71,1,28012.71,15
146,48,2,6809.45,15
2166,57,2,29832.19,0
864,43,1,2987.53,0
1034,67,2,4491.5,0
792,72,2,16598.57,0
792,42,1,3295.47,0
1872,44,3,6605.53,0
582,98,2,6006.63,0
582,109,1,9237.44,0
2814,125,1,26673.5,0
2814,43,1,3005.21,10
2814,141,1,3209.92,0
359,44,1,6268.43,15
359,90,1,4303.72,15
709,85,1,423.86,0
709,77,1,915.57,0
364,103,2,9490.48,20
364,22,1,1130.65,20
364,59,1,24356.45,20
113,24,3,6273.42,10
113,123,1,1072.18,10
632,134,1,2605.16,0
632,117,1,16365.47,0
842,47,2,7218.42,0
842,142,1,1330.51,0
842,83,1,664.27,0
1952,50,1,459.75,15
2483,35,1,2002.97,0
159,36,1,14226.04,15
159,123,2,1176.42,15
159,38,1,6260.09,15
1511,34,1,3016.41,0
1511,108,1,10867.91,0
2530,97,2,15524.36,15
2530,35,3,1960.74,15
2530,114,1,29189.3,15
2870,138,1,1806.14,10
2870,121,1,27049.84,10
1398,92,1,14520.21,0
1398,114,1,29304.4,0
1027,143,1,1953.1,0
1027,111,2,19403.55,0
1027,76,1,4269.91,0
896,27,1,17407.85,0
2686,109,2,10336.81,20
2536,66,1,12833.52,5
2536,108,1,11367.23,0
1012,74,1,2701.6,20
1012,28,1,11025.38,20
716,81,2,1798.85,0
716,49,1,5161.62,0
1693,2,2,52970.49,20
1693,133,2,2940.29,20
904,89,1,3067.92,0
1285,85,1,433.17,20
1285,92,2,14248.02,20
1285,117,2,17691.92,20
192,71,1,30832.74,0
1630,71,1,30480.85,20
1853,17,1,8526.04,20
839,41,1,7394.76,20
839,75,3,441.1,20
839,50,1,458.13,20
839,106,1,9254.98,20
35,63,1,7514.59,0
286,133,1,3074.22,0
286,62,1,10802.15,0
1006,75,1,499.43,0
1006,72,2,16404.09,0
1006,65,1,1084.61,0
2282,142,1,1342.02,15
2282,37,1,294.71,15
2282,117,1,16452.67,15
2428,9,3,26675.91,0
2428,124,1,11854.02,0
2451,43,2,2917.6,0
2451,65,1,1128.16,0
1745,63,1,7538.47,0
1732,115,1,24126.33,0
424,37,3,304.08,0
1068,85,2,436.83,10
1068,103,1,10508.84,10
1506,30,1,1381.31,15
1506,87,1,2391.83,15
1506,3,1,13798.19,15
1506,19,3,6229.03,15
1962,71,3,30414.36,20
1962,100,2,13592.46,20
202,109,1,9782.36,0
866,56,1,9378.03,20
619,66,1,12480.69,10
619,8,1,17775.64,10
806,54,1,3930.26,0
806,67,1,4578.7,0
444,117,2,16770.51,0
1133,5,1,45619.38,0
1133,72,1,16466.79,0
670,56,1,9841.51,0
670,66,1,14060.38,0
125,32,1,14229.78,10
191,140,2,2584.58,0
2353,38,1,6461.45,20
2353,44,1,6446.39,20
2353,92,1,15210.02,20
1255,111,2,18193.97,20
1813,74,2,2990.64,0
1794,111,1,18390.67,20
1794,68,1,27467.77,20
595,126,1,8317.75,20
467,20,2,12572.39,0
1771,94,1,13247.27,0
552,61,1,25804.85,0
2607,106,2,9592.46,0
2607,107,2,10111.94,0
2874,82,1,3150.61,0
2874,54,2,3978.13,0
472,74,3,2881.61,0
472,18,2,68521.81,0
472,32,2,15118.91,5
1867,114,1,27183.71,10
2065,95,1,8338.32,10
227,56,1,9629.43,0
2067,34,2,3047.42,0
2129,28,1,10522.5,0
2567,76,3,4216.14,0
2567,16,1,50290.35,0
2567,132,3,612.86,0
433,57,1,29539.49,20
433,134,1,2609.74,20
1239,81,2,1859.6,0
330,118,1,5983.6,15
1251,120,1,18132.42,0
2083,96,1,1781.92,0
1449,33,1,5481.05,15
1449,53,1,7892.63,15
789,129,1,3494.6,0
789,21,2,2916.3,0
214,51,2,560.87,0
635,31,1,7576.2,20
635,78,1,4564.08,20
2759,132,1,591.37,0
2759,137,1,3189.01,0
2759,126,3,8864.12,0
977,19,1,6105.85,20
1911,25,2,10112.6,20
1911,139,1,2937.76,20
2062,16,1,46613.97,20
2411,35,2,2026.39,0
2411,72,2,14988.2,0
1588,109,1,10141.07,0
2859,115,1,25247.35,0
2859,36,1,14205.13,0
892,17,2,8014.13,20
794,143,2,2029.11,15
794,35,1,1785.04,15
794,102,1,3146.27,15
298,35,1,2039.86,0
1451,119,1,8780.51,0
2223,3,1,14321.63,0
2223,142,2,1498.75,0
981,24,1,5684.08,0
1795,105,1,490.69,10
1795,73,1,1507.79,10
1795,38,1,6668.76,10
725,62,1,9715.8,20
1476,89,2,3413.99,0
532,97,2,14684.95,0
532,128,2,691.79,0
707,63,1,7249.91,15
707,105,3,461.68,15
1413,53,1,8179.25,20
1128,136,1,2724.38,0
2032,132,1,559.25,0
1097,127,1,3094.66,10
592,86,1,3307.7,20
1578,39,2,7533.71,10
1578,53,2,7855.08,10
1578,129,2,3193.58,10
116,47,1,7332.18,5
110,138,1,1885.96,0
1267,94,1,13083.0,15
195,126,1,8249.2,0
195,20,1,12776.46,5
2066,109,1,9419.54,0
2066,40,1,3202.47,0
2519,12,1,25347.32,0
1518,109,1,9372.66,0
1518,122,1,27385.66,0
1917,90,1,4199.2,10
1676,138,1,1879.73,0
1676,121,1,24978.79,0
412,135,1,1407.74,20
412,19,1,6314.81,20
461,65,1,1050.89,15
461,43,1,2980.04,15
859,143,1,2048.13,0
1978,43,2,3155.0,0
2845,29,1,2236.8,0
2498,49,1,4833.05,5
560,93,1,4512.72,0
499,35,1,1997.28,10
502,117,1,17213.11,0
2138,65,1,1077.56,0
2494,9,1,23860.7,0
210,76,1,4089.03,0
766,60,2,27883.99,15
766,121,1,25506.3,15
766,123,1,1155.42,15
435,114,1,26545.47,15
435,29,1,2212.81,15
587,111,1,19690.84,0
316,66,1,13493.28,0
426,90,1,4465.54,10
507,35,1,1888.79,15
507,38,1,6189.73,15
657,12,1,26314.08,0
657,139,1,2710.78,0
1648,109,1,10334.55,10
345,36,1,15115.38,0
345,3,2,15404.72,0
2424,143,2,2141.64,0
2424,133,1,3149.99,0
425,30,1,1367.87,0
425,91,2,5829.29,0
425,84,1,1708.64,0
1149,55,1,7317.79,15
1149,1,1,32424.04,15
218,94,1,13628.23,5
218,3,1,15465.16,0
771,83,1,645.05,15
281,54,1,4029.56,0
281,136,1,2690.78,0
995,114,1,26430.15,0
995,26,1,18294.53,5
566,56,1,9102.43,0
2443,42,1,3337.79,20
867,8,1,15748.03,0
1370,80,1,1303.69,10
1489,90,1,4329.24,10
1729,107,2,10828.96,0
1729,20,1,12950.28,0
1259,17,1,8318.7,0
1259,30,1,1387.05,0
1259,81,1,1774.33,0
1806,41,1,8017.07,5
1806,31,1,7691.3,0
1806,45,1,7777.68,0
1582,103,2,9351.42,0
1582,54,1,3680.83,0
2333,125,2,27677.67,0
479,8,1,17656.19,10
479,109,1,9453.8,10
2412,8,1,16585.42,20
34,38,1,6061.23,0
292,126,1,8313.97,0
292,113,1,7751.07,0
292,43,1,2804.42,0
2752,46,1,1272.38,0
1460,24,2,6222.17,0
1460,98,1,6116.33,0
1460,124,3,11733.51,0
1460,53,2,8720.8,0
2768,130,3,2089.31,0
2559,141,1,2979.89,0
2559,43,2,3042.79,0
2559,77,1,855.18,0
1805,71,1,30884.98,0
1575,20,1,12977.07,15
723,97,1,15400.52,15
881,33,1,5767.65,20
665,90,2,4377.88,0
665,62,1,10510.8,0
665,97,2,15492.87,0
783,118,2,5897.91,0
783,137,2,2960.72,0
2663,48,1,7289.99,0
2272,117,1,16207.58,15
2476,34,1,3153.13,20
300,13,1,38146.0,0
300,5,2,49667.1,0
1336,47,1,7120.78,0
873,34,1,2913.15,5
111,39,1,7276.46,0
43,71,1,28615.94,10
2058,37,1,291.05,10
2058,55,2,7118.2,0
2058,53,1,8319.34,0
2058,89,1,3375.01,0
791,31,1,7908.34,0
1765,54,1,3905.54,0
1765,121,1,26195.1,0
1765,67,1,4497.78,0
2604,141,2,3110.77,20
2604,56,2,9085.8,20
1990,65,2,1051.09,0
1990,1,1,29212.73,0
2211,81,1,1781.9,0
2020,69,1,15938.88,5
2822,71,2,29894.43,10
1691,123,1,1161.81,0
1910,27,1,16678.39,20
1514,99,1,11240.08,0
1514,57,2,28751.89,0
2120,26,1,16736.4,0
2120,71,1,29513.95,0
2120,64,1,25620.24,0
1327,62,1,9949.15,0
176,61,1,24445.91,20
2664,130,2,2100.84,0
2664,131,2,2328.43,0
1306,73,2,1413.06,5
1467,105,1,458.64,0
1467,19,1,6342.14,0
1467,110,1,17607.73,0
1467,12,1,24558.78,10
61,43,1,3036.4,20
61,38,1,6536.62,20
355,56,2,8884.26,0
355,53,1,7765.13,0
355,79,1,2966.06,0
2799,112,2,3352.72,20
2566,62,1,10710.43,20
2566,73,1,1381.44,20
1274,86,1,3210.74,0
2562,39,3,7458.51,0
2248,124,1,13050.89,10
2248,87,1,2478.9,10
2248,69,2,16672.37,10
699,91,1,5939.42,15
1080,126,2,8894.91,20
1822,19,2,5842.5,15
1822,14,1,18978.16,15
2247,140,1,2610.59,0
2247,137,1,3167.53,0
2102,127,1,3134.32,0
1946,37,2,299.39,20
1569,63,1,8103.19,10
944,74,1,2820.47,0
152,87,2,2301.89,15
152,139,1,2783.02,15
152,134,1,2502.73,15
152,38,1,6194.78,15
92,109,1,9891.37,20
92,102,1,3154.2,20
92,22,3,1202.25,20
2595,82,2,3129.81,0
2595,40,1,3380.06,10
2516,72,1,15281.07,20
2516,77,1,893.81,20
402,136,1,3065.93,0
402,7,2,60574.52,0
402,89,1,3208.28,10
988,106,1,9177.56,20
1024,29,1,2185.65,20
1024,59,1,24194.68,20
2496,71,2,28541.02,15
1920,125,1,25865.94,0
1920,47,1,6871.26,0
1844,111,1,18976.11,0
1844,87,1,2483.01,5
1844,45,1,8510.47,0
969,88,1,3054.15,20
969,77,1,855.73,20
969,25,1,10642.89,20
2698,43,1,3017.57,0
2135,43,1,2852.51,15
2743,115,1,24080.88,0
2418,18,1,72585.35,0
1359,54,2,4055.87,0
2057,138,1,1758.19,0
1298,27,2,17061.8,0
1298,66,1,13414.75,0
1298,108,2,12154.69,0
2457,10,1,36092.47,0
850,44,1,6906.64,0
187,62,2,9601.93,20
1395,125,1,26919.31,20
2741,40,1,3428.17,20
2023,135,2,1363.5,0
2023,15,2,49114.96,0
36,124,1,13350.27,0
174,114,2,25956.15,10
403,46,1,1366.48,0
979,2,1,54678.77,10
979,81,2,1737.85,0
979,123,2,1123.74,10
1484,26,1,18629.72,0
1484,11,1,46947.47,0
1484,2,1,54178.45,0
1772,127,1,3002.72,0
1772,39,2,6626.09,0
2229,74,2,2996.51,15
1598,54,1,3833.09,0
907,117,1,17668.59,20
907,112,2,3308.64,20
1000,72,1,15749.76,20
872,82,1,2856.78,0
872,86,3,3216.0,0
711,84,1,1645.63,0
923,22,1,1157.47,0
923,109,3,9088.35,0
1712,95,1,8875.74,10
1324,109,1,10033.03,10
1324,105,1,485.32,10
1963,5,1,46566.02,10
1963,9,1,24315.7,10
1831,81,2,1751.12,0
1831,2,2,54068.7,0
1831,133,1,3067.44,0
843,104,2,1970.25,15
2394,111,2,19725.0,15
170,65,1,1058.6,0
2294,31,1,6994.55,20
2112,48,2,6672.19,20
1967,133,3,2919.42,20
1958,115,1,24199.54,0
1958,137,1,3098.83,0
1958,61,1,25137.68,0
1958,51,1,496.86,0
2611,112,2,3493.27,0
2611,100,2,15063.01,0
2230,77,1,849.8,0
2255,8,1,15803.71,0
2256,87,1,2402.47,0
2543,134,1,2670.35,0
2543,65,1,1141.78,5
2543,72,1,16489.74,0
2808,35,1,1930.69,0
2746,138,1,1743.65,10
2517,15,1,45259.29,0
2650,36,1,13542.84,20
2650,79,1,2962.99,20
2650,34,3,3277.75,20
2597,22,1,1227.01,0
2597,59,3,25307.2,0
1651,83,1,604.31,0
1651,128,2,668.68,0
1651,135,1,1404.04,0
2598,10,1,35582.58,15
1709,23,1,5046.6,20
1709,53,2,8597.0,20
1709,105,2,516.77,20
1709,83,1,617.06,20
2347,67,1,4661.91,0
134,36,1,14827.17,20
134,62,2,9864.03,20
134,78,2,4420.84,20
471,73,1,1456.71,10
471,127,1,3227.45,10
471,116,1,21621.68,10
1346,53,3,8328.84,0
1458,124,2,12344.62,20
1458,28,1,11143.71,20
1458,126,1,9433.28,20
2348,33,1,5280.93,10
2348,13,1,38741.28,10
2348,2,1,59363.39,10
558,122,1,27395.72,20
558,135,1,1440.3,20
775,54,1,3722.41,10
796,22,1,1226.08,10
748,30,1,1415.5,0
1169,138,2,1779.22,0
1707,61,1,24543.95,0
1546,46,2,1223.24,0
2772,57,2,27665.61,0
2037,50,1,495.68,15
2037,54,1,3913.61,15
2037,83,2,618.88,15
224,104,3,1980.33,0
224,84,1,1651.88,0
2329,80,1,1274.98,0
239,131,1,2155.51,0
717,80,2,1185.5,20
78,4,1,7725.48,0
78,131,1,2154.72,0
609,121,1,27504.54,0
609,75,1,442.22,0
51,112,1,3328.58,0
51,26,3,18725.28,0
1295,99,1,12048.46,10
2866,17,1,8290.37,0
2866,104,1,1977.07,0
505,38,1,6825.17,0
245,50,2,482.24,10
245,110,1,19627.58,10
183,117,1,16837.23,20
252,52,1,2904.02,0
252,34,1,2974.44,0
1039,8,1,16218.3,5
1039,59,1,24717.19,0
1039,22,1,1225.11,0
2837,73,1,1460.15,20
795,44,1,6807.59,0
1526,34,1,2903.81,20
551,125,1,25718.34,10
2491,71,1,28038.83,5
2491,100,1,13948.94,0
1363,28,1,11343.61,10
1363,70,2,11867.89,10
1053,78,2,4669.0,15
2565,60,1,25839.64,10
2583,47,1,7393.42,10
2350,133,1,3331.04,0
2458,9,1,26284.21,0
2651,110,3,18070.17,0
2651,30,1,1474.56,0
2651,106,1,8484.38,0
138,44,1,7033.92,0
112,3,2,14802.0,15
112,124,1,12816.68,15
517,112,1,3170.9,0
517,108,2,12040.91,0
517,92,1,15513.12,0
517,50,1,464.75,0
1444,75,1,467.61,0
2019,112,1,3418.44,15
2402,72,1,16095.7,10
2271,74,2,2945.28,15
1647,120,1,19698.97,15
1647,113,1,7901.1,15
273,84,2,1630.46,0
1944,87,1,2386.87,0
1944,64,1,24700.41,0
1944,82,1,3031.75,0
1944,43,2,3102.81,0
1199,77,1,842.0,0
478,63,1,7508.39,0
478,71,1,28262.09,0
618,39,2,7515.68,15
726,83,1,629.13,15
726,92,1,14639.81,15
446,123,1,1064.46,5
583,98,1,5734.74,0
482,133,2,2947.48,0
482,35,1,1849.36,0
527,120,1,18035.06,0
463,121,1,27778.59,0
2103,121,1,27341.02,15
2304,66,1,13989.98,0
2304,86,1,3240.93,0
1182,25,1,9975.49,0
2377,60,2,27144.38,0
1938,96,2,1908.72,0
1993,140,1,2389.05,0
1380,77,1,899.31,0
2696,35,1,1980.42,0
1717,123,2,1161.11,10
668,57,1,27264.4,0
668,33,2,5829.77,0
790,135,1,1286.54,0
731,35,1,1797.59,0
731,76,2,4276.36,0
731,108,1,11585.58,0
731,21,1,2883.81,0
1825,96,1,1790.32,10
1825,67,2,4567.35,10
1825,83,1,641.05,10
1986,119,1,8570.9,15
562,77,1,869.72,0
562,35,1,2003.46,0
562,54,1,4056.47,0
694,64,1,26263.05,10
694,2,1,58157.73,10
694,79,2,2969.15,10
694,67,2,4375.31,10
1341,134,1,2634.6,0
2649,11,1,44724.82,15
236,112,2,3500.31,0
236,25,1,10467.54,0
236,63,1,7746.79,0
800,57,1,27335.81,0
2603,140,1,2391.69,20
2007,76,1,3869.69,10
1307,94,1,13361.63,20
1151,67,1,4724.25,10
1151,34,3,3026.68,10
1151,14,1,17599.04,10
1181,143,1,2235.54,0
1181,83,1,617.88,0
133,113,2,7545.17,0
1987,87,1,2506.08,0
1987,100,1,14571.04,0
751,120,1,18286.95,0
751,83,1,633.16,0
751,119,3,8782.58,0
513,11,2,45707.2,0
513,52,1,3165.15,0
1294,16,1,48386.35,0
2278,68,1,29622.3,0
2527,59,3,24573.5,0
2527,75,1,461.71,0
2527,16,1,48040.05,0
1405,128,2,671.13,20
1405,19,1,5892.12,20
341,143,1,2013.91,0
1919,16,1,44124.58,0
617,94,2,14044.1,0
617,32,1,15893.34,0
617,66,1,13619.68,0
2520,141,1,3164.93,10
2739,129,1,3247.54,0
2739,16,1,46586.26,0
2812,6,1,5105.96,0
2756,129,1,3103.51,20
1614,135,1,1290.47,20
1614,137,1,2884.3,20
1614,78,1,4416.16,20
1614,10,1,36183.6,20
2615,2,1,55154.91,0
2615,42,1,3152.23,0
2615,44,1,6863.47,0
1101,31,1,7943.91,0
372,7,1,66804.25,0
2600,112,1,3106.28,5
2600,58,1,20083.91,0
2600,140,2,2463.69,0
2025,72,1,14462.76,10
2025,50,1,470.76,10
2025,24,1,5860.32,10
603,90,1,4462.29,15
1095,29,3,2112.44,0
388,141,3,3302.94,10
388,132,1,557.92,10
388,142,1,1365.98,10
2118,92,2,14324.09,20
2118,19,1,6005.17,20
1960,107,1,10367.54,0
2156,26,1,17230.05,0
2156,88,1,2857.2,0
1797,38,1,6907.82,0
1797,42,3,2983.16,0
1797,43,1,2916.64,0
2204,140,1,2447.11,0
2220,119,1,8238.41,0
1410,38,1,6112.45,15
1410,44,2,7080.66,15
1415,94,2,12709.74,0
1415,32,2,15845.76,0
1415,66,1,13258.65,0
1415,71,1,27487.87,0
1559,5,1,49908.19,0
1559,95,1,8442.3,0
770,48,1,7418.17,15
1763,70,1,11615.37,0
1763,131,1,2303.65,0
1132,60,2,28778.03,20
327,118,1,5986.64,0
1785,48,1,6961.43,20
408,75,1,476.39,5
1168,12,1,23470.93,0
808,2,1,57890.97,0
808,68,1,27303.16,0
15,1,1,30781.85,0
1047,93,1,4212.62,20
621,119,2,8305.12,0
181,106,2,8941.36,0
384,88,2,2829.14,0
1087,32,1,14495.43,20
1160,100,1,14166.08,0
1754,65,3,1182.44,15
1625,84,1,1548.41,0
1625,72,1,16090.66,0
1625,32,2,14347.37,0
2731,86,1,3216.88,10
2508,109,2,9266.03,0
2852,46,1,1245.17,0
2075,63,2,7434.01,0
2053,113,1,7812.33,0
2053,35,1,1952.18,0
2642,88,1,2961.56,0
2642,57,1,26858.14,0
2642,142,1,1422.13,0
2426,40,1,3569.5,20
2426,142,1,1380.43,20
2426,68,1,27163.11,20
1914,1,1,29296.63,20
1914,64,1,24043.33,20
956,38,1,6791.24,0
956,72,1,14886.89,0
1671,133,1,3103.0,15
1796,50,1,497.05,0
1796,98,1,5491.01,0
1966,23,1,4875.09,0
2128,143,2,2150.53,0
2128,123,1,1104.3,0
2128,61,2,23123.1,0
2361,37,1,305.89,10
2399,26,1,17011.51,0
2076,84,2,1583.82,0
2076,24,1,5738.04,0
2076,1,1,32323.97,0
645,74,1,2672.62,5
645,86,1,3153.87,0
2831,39,2,7486.06,20
2831,77,1,833.45,20
2831,119,1,8994.28,20
898,41,1,7547.52,0
898,142,1,1338.44,0
2374,84,1,1723.52,15
1437,74,1,2800.59,20
1437,79,1,3082.01,20
889,122,1,26866.52,0
1940,10,1,33952.04,20
1583,115,2,24451.32,10
1583,13,1,36293.34,10
1583,4,3,7436.99,10
2388,62,1,10602.16,15
2838,70,1,12270.28,0
2838,34,1,3050.03,0
2838,132,1,586.3,0
2423,131,1,2362.78,0
2423,8,2,16538.1,0
1634,52,1,3002.76,0
1634,73,1,1546.43,0
1634,82,1,2915.59,0
1634,33,2,5768.99,0
1198,70,2,12305.3,0
395,74,1,2918.06,0
395,139,1,2941.76,0
1107,97,1,15208.05,0
492,45,1,8480.32,15
876,13,1,35939.56,0
876,54,1,3637.96,0
876,72,2,15312.49,0
876,61,1,25233.94,0
2325,125,1,26091.27,0
2325,62,1,10609.93,0
2130,113,1,8070.22,0
2022,121,1,25545.54,0
1849,25,1,10875.44,15
1849,74,3,2954.61,15
1849,133,2,3313.85,15
2782,118,1,6028.89,0
2187,77,1,871.44,10
2596,119,3,8007.76,10
2465,83,2,613.98,15
2465,10,1,32325.57,15
2465,122,2,24276.39,15
1632,113,2,8549.97,0
1219,54,1,3740.72,15
2330,23,1,5316.76,10
2330,113,1,8130.86,10
2330,106,1,9339.94,10
2704,38,1,6742.36,0
2704,90,1,4555.02,0
2704,124,1,12640.92,0
2316,11,1,46672.47,10
2316,15,2,47269.37,10
2316,75,1,445.14,10
2316,4,2,8155.29,10
1538,18,1,76474.82,0
1538,66,1,13354.87,0
2028,96,1,1764.11,10
1296,15,1,48093.28,0
1296,36,1,14860.43,0
1734,103,1,9519.66,15
1734,132,1,593.63,15
1734,102,1,2813.81,15
1734,42,2,3267.79,15
1316,95,1,8792.04,0
1316,94,1,13529.26,0
2373,62,1,9912.71,0
2718,56,3,8840.88,0
2718,27,1,17653.17,0
1807,67,1,4199.32,0
1807,34,1,2998.33,0
1807,64,1,25063.58,0
1719,16,2,47832.17,0
1695,8,1,16897.85,10
1552,61,1,23500.57,20
1552,95,2,8603.33,20
1552,111,1,19145.4,20
2656,58,1,20796.93,0
801,65,1,1148.46,0
115,80,1,1243.36,15
115,27,1,17162.57,15
115,11,2,45719.39,15
115,5,1,48930.34,15
97,48,1,6758.16,15
97,68,1,26975.45,15
39,82,1,2945.66,0
39,19,1,6090.05,0
39,118,1,6037.85,0
637,97,1,14139.47,15
820,92,1,15094.21,0
72,67,3,4337.97,15
1686,43,1,3180.86,0
1775,38,1,6880.11,0
1530,52,1,3020.02,0
1530,111,1,18411.93,0
1530,45,1,8565.01,5
1530,67,1,4132.17,0
536,5,1,47288.19,0
536,33,1,5728.06,0
1943,106,2,9031.06,5
2406,67,1,4190.01,0
1715,96,1,1958.44,20
2450,141,1,3045.56,0
2450,13,2,34928.02,0
2084,134,3,2502.37,15
2084,65,1,1154.81,15
468,141,3,2967.66,0
468,49,1,4924.02,0
2338,79,1,2972.03,0
2338,113,1,7504.15,5
1301,76,1,3889.5,10
1301,112,1,3261.57,10
1301,67,1,4643.29,10
596,100,1,13907.32,0
1541,53,1,8362.13,0
1541,85,1,431.72,0
263,108,1,11355.07,0
922,16,1,49160.8,0
922,101,1,11199.77,0
299,84,1,1735.63,15
1585,61,1,25887.38,10
710,69,1,15749.27,0
1110,24,2,6442.12,0
31,69,1,15162.92,20
84,84,1,1626.21,20
2464,29,3,2284.83,0
1117,114,1,27957.06,0
69,5,1,47246.5,10
1991,122,1,24493.2,0
1991,125,1,25447.02,0
2108,127,1,3221.35,0
1400,16,2,46600.47,0
1400,77,2,886.97,0
1400,123,1,1067.17,0
1050,121,1,27314.4,0
1233,77,2,906.74,15
1106,60,1,26790.12,0
1664,93,1,4703.38,0
1664,80,1,1298.79,0
2632,18,2,71335.35,0
2760,110,1,17849.69,0
2760,40,1,3614.28,0
1187,45,1,8224.07,10
1187,64,1,23361.47,10
1187,29,3,2109.09,10
1557,96,1,1862.77,10
1557,28,1,10571.18,10
1557,46,1,1397.38,10
1730,65,2,1068.44,10
1730,6,1,4764.21,10
1730,77,2,838.52,10
565,116,1,23466.05,20
565,78,1,4437.1,20
565,99,1,11949.54,20
565,47,2,6512.77,20
1893,79,1,2935.16,0
2688,62,2,10178.43,10
2688,125,2,28474.16,10
2688,59,1,25839.6,10
2781,104,3,2123.66,0
2781,108,3,12030.24,0
2781,118,1,6463.01,0
2732,65,3,1140.59,10
2563,114,1,27014.46,10
2515,24,1,6453.54,0
1882,74,1,2974.57,10
1931,59,1,25989.77,0
2648,71,1,28739.88,0
2643,26,2,17114.14,0
2643,94,2,12920.26,0
1455,43,2,3201.69,15
1478,82,1,3156.35,0
1478,39,1,6793.06,0
2786,14,2,17521.96,0
2641,11,2,49414.58,20
2641,71,1,28766.32,20
1308,102,2,2994.88,20
1700,37,1,298.99,0
2167,41,1,8144.91,20
2167,127,1,2912.83,20
2167,98,1,5394.09,20
2167,84,1,1584.26,20
2109,75,1,471.78,10
1357,79,1,2945.15,5
1357,141,1,3195.99,10
910,77,1,921.05,0
910,97,1,13886.63,0
2168,50,2,477.45,0
2267,64,1,23247.41,10
1823,92,1,15371.39,15
2295,121,1,27234.01,0
2295,65,2,1042.1,0
1916,144,2,1781.27,0
1916,3,1,15549.47,0
1916,25,1,10152.85,0
2175,6,2,5004.18,0
2175,125,1,26846.06,0
2175,133,1,3317.98,0
2175,11,1,49024.14,0
1214,13,1,34363.17,0
1214,77,1,918.45,0
1278,108,2,11593.77,20
1635,4,2,7267.47,5
1635,29,1,2176.06,0
2854,128,2,691.78,0
1759,90,2,4053.69,0
1759,30,1,1361.57,0
319,51,1,550.84,10
319,142,1,1397.85,10
2787,21,1,2646.8,10
173,8,2,15894.36,20
173,126,1,8621.2,20
2436,111,1,19988.18,20
128,52,1,2964.67,10
128,118,1,6502.51,10
128,143,2,2091.05,10
1134,112,1,3105.98,0
1443,69,2,16650.5,20
1443,114,1,26703.08,20
1052,131,1,2123.53,20
1052,113,1,7507.37,20
1770,43,3,2801.92,0
1792,68,1,29711.05,0
531,56,1,8807.28,0
2818,20,3,13127.06,10
451,37,1,280.86,0
451,34,1,3194.5,0
2707,143,3,2081.63,0
2657,12,1,23876.6,20
2657,91,1,6145.35,20
2635,32,1,14419.14,0
2803,55,3,7718.08,15
2803,5,2,45529.54,15
2609,16,1,45956.6,0
2609,77,1,862.94,0
2665,144,1,1828.93,20
2665,64,1,23412.08,20
1416,40,2,3391.79,0
1416,119,1,8460.99,0
1416,89,2,3110.75,0
2445,56,2,9185.3,0
2445,88,1,2848.89,0
2445,141,1,3073.32,0
1599,69,1,15068.8,0
1599,22,1,1169.68,0
1599,71,1,28993.71,0
348,106,1,9291.84,10
348,48,3,7294.28,10
313,8,2,17809.95,0
313,67,1,4301.42,0
313,43,2,3016.71,0
104,135,2,1354.66,20
941,24,1,6004.44,0
798,129,1,3337.17,15
2511,74,1,2946.59,0
2511,16,1,47508.53,0
1475,126,1,9425.64,10
1475,131,3,2254.98,10
1545,99,1,11630.36,0
1545,50,1,495.14,0
643,61,1,23514.94,0
2251,135,2,1403.39,20
2750,121,1,26920.7,0
672,32,2,14838.13,0
672,67,1,4622.39,0
672,45,3,7799.65,0
1522,20,1,12148.16,0
1522,67,2,4434.73,5
10,79,2,3202.14,20
2626,12,1,25888.64,0
646,84,2,1648.22,20
623,96,1,1927.46,0
579,32,1,14901.16,0
169,42,2,2997.35,0
169,141,1,3141.06,0
169,94,2,13085.91,0
169,86,3,3321.77,0
1270,27,1,16509.35,15
1270,115,2,26940.42,15
1393,97,1,14228.95,0
950,107,1,10714.92,0
2652,61,1,25281.8,10
1650,19,1,5772.16,0
2417,116,1,23363.86,20
2417,61,1,23109.16,20
2137,75,2,453.27,0
2137,93,1,4350.12,0
27,53,1,8817.73,20
744,47,1,6889.99,0
744,98,3,5701.72,0
744,96,3,1890.77,0
1621,56,1,10056.55,10
136,51,1,543.26,15
1394,17,1,7735.26,0
141,115,1,25640.61,0
141,136,1,2979.98,0
2395,111,2,18084.59,15
1675,135,1,1412.69,15
2125,31,1,7903.89,0
2125,5,1,44163.78,0
2212,75,1,453.72,0
1126,126,2,8568.59,0
1126,118,1,5869.88,0
913,8,1,16003.76,15
913,19,1,5885.88,15
913,98,1,5908.25,15
1787,51,3,509.49,10
2195,34,2,3201.27,15
2440,30,1,1470.4,0
2440,17,2,8626.25,0
1342,82,1,3054.96,20
1342,63,2,7091.3,20
1342,83,2,632.01,20
1291,116,2,22087.31,0
2312,91,2,5932.72,0
2312,122,1,26889.61,0
2703,82,1,3051.4,10
2703,111,1,20112.07,10
1979,55,3,7342.8,20
1979,13,2,37290.65,20
1532,34,2,3129.47,0
1532,13,1,38568.52,0
1921,114,1,26224.21,0
1480,42,1,3103.62,0
2763,37,1,304.62,15
2720,48,1,7446.92,20
357,54,2,3874.96,0
357,34,3,3001.52,0
357,64,3,23850.62,0
357,122,2,25947.41,0
576,95,1,8534.29,0
576,53,1,7995.73,0
576,133,1,3100.82,0
70,10,1,32962.63,20
70,133,1,3301.15,20
586,142,1,1474.89,15
1235,8,2,17284.05,0
1235,35,1,1813.62,0
1235,111,1,19215.16,0
1235,9,1,26687.85,0
2098,97,2,14747.43,0
1673,52,1,3092.12,0
1673,111,2,18730.63,0
1673,45,2,8125.45,0
1673,67,3,4145.91,10
1018,115,2,24576.16,0
1018,74,2,2887.12,0
1018,84,1,1546.65,0
1782,13,2,37438.9,10
1782,135,1,1403.57,10
1782,123,2,1080.31,10
2317,94,1,13974.38,15
2317,98,2,5768.2,15
2728,99,3,12049.08,0
465,132,2,564.13,0
1486,19,3,5639.11,10
1935,56,2,8836.28,0
41,90,1,4205.32,0
2210,42,1,3371.88,20
2210,123,1,1150.53,20
2210,35,1,2005.12,20
1567,27,1,16583.15,0
2784,99,2,12070.5,10
2784,86,1,3091.26,10
2708,32,1,16075.85,0
2462,144,1,1597.94,20
1756,29,1,2257.58,0
1756,47,2,7117.41,0
1331,10,2,35437.18,5
1331,64,1,23665.89,0
2387,45,1,8261.73,0
2387,54,1,4138.7,0
2387,35,2,2025.53,0
2041,58,1,19360.63,0
2041,35,3,1793.96,0
2041,56,1,9245.18,0
1564,62,3,10719.42,20
2537,91,1,5719.3,0
2537,131,1,2211.17,0
2537,44,3,7098.42,0
2569,36,2,14454.69,0
1523,126,1,9403.97,20
1760,132,1,587.79,0
1760,69,1,16107.21,0
1760,78,1,4393.46,0
2705,138,1,1819.12,15
2871,86,2,2996.75,0
2871,54,2,3962.88,0
2291,22,1,1133.14,20
2872,63,1,7788.33,10
2872,9,1,26641.65,10
2555,48,1,6815.83,0
976,134,1,2473.39,0
905,61,1,25797.78,0
905,31,1,7825.35,0
905,44,1,6461.86,0
905,125,1,27468.1,0
362,86,1,3026.21,0
103,43,1,3143.79,0
103,99,2,11740.46,0
832,3,2,14478.52,0
832,107,1,10745.09,0
1762,117,1,15672.89,0
82,84,1,1687.42,0
1701,1,2,29243.9,10
1701,112,1,3087.88,0
1701,122,1,26248.16,0
690,95,2,9161.94,0
1603,74,1,2898.0,0
1603,113,1,8374.57,0
1210,58,1,18244.14,10
812,71,1,30148.26,0
812,11,1,48551.08,0
555,97,1,14754.32,20
555,32,3,15678.44,20
555,53,1,8474.07,20
1871,5,1,44511.56,15
1871,132,1,568.66,15
2776,94,3,13856.06,0
2240,79,2,3171.9,20
2119,93,2,4541.39,20
620,28,2,11547.08,10
620,7,1,65443.31,10
620,105,1,506.18,10
620,58,1,18324.27,10
847,136,1,2983.15,0
2594,136,1,2916.1,20
2594,70,1,11060.37,20
2594,135,1,1388.1,20
2594,144,2,1633.8,20
2104,6,1,4837.32,0
2840,81,2,1829.78,10
2840,19,1,6301.95,10
2840,124,1,12013.29,10
1468,134,2,2377.35,10
1468,123,1,1173.87,10
1468,4,2,7730.17,10
1646,120,1,19560.83,10
108,50,2,489.28,10
108,85,1,433.07,10
920,71,1,30227.58,15
599,90,3,4160.55,10
2014,102,1,2891.13,10
2014,23,1,5199.94,10
1579,97,2,14090.05,0
1579,43,1,3173.55,0
2315,141,3,3056.88,0
1001,105,2,510.29,0
1404,35,1,2040.54,0
1404,62,1,10188.46,0
1404,72,2,16482.71,0
2391,13,1,37363.96,0
2391,78,1,4360.09,0
2391,126,1,8444.51,0
2324,62,2,9976.44,0
1470,27,1,16933.93,0
86,130,2,2151.98,0
58,88,1,2853.35,15
164,85,1,407.78,0
235,77,1,925.82,0
1591,21,1,2661.52,0
2432,6,1,4700.63,0
2475,26,2,17536.8,0
2475,37,1,317.63,0
960,45,1,8171.21,0
960,65,1,1164.63,0
1315,80,2,1359.28,0
1315,17,1,7848.83,0
1139,36,1,14554.31,0
1139,51,1,543.07,0
1139,87,1,2613.7,0
1139,84,1,1739.13,0
2758,47,1,7247.36,0
2213,46,1,1383.87,0
2213,13,1,35877.78,0
2590,128,2,712.49,20
2590,68,2,28344.9,20
2532,25,3,10831.42,10
2322,40,1,3629.42,0
1402,115,1,24489.67,0
1402,107,1,11286.33,0
2306,118,1,6202.86,15
2306,1,2,31519.5,15
2797,144,1,1653.07,0
2797,63,2,7839.61,0
1112,133,2,2912.54,15
1112,141,1,3104.9,15
12,134,1,2533.96,0
458,68,1,27064.65,0
458,52,1,2827.68,0
679,56,1,9960.16,0
679,41,1,7628.54,10
679,20,1,13190.39,0
1677,84,1,1742.24,0
1281,76,1,3985.18,0
1281,95,3,8464.38,0
1649,137,1,3216.15,0
1314,13,1,35854.94,20
1314,76,1,3914.39,20
1692,41,2,8411.22,20
2856,31,1,7767.35,0
2856,78,1,4347.6,0
2384,137,2,2897.58,0
1678,94,1,12463.99,10
1678,111,1,17848.02,10
2833,11,1,46801.95,15
2033,69,1,16464.27,0
2518,89,1,3026.84,10
2518,127,3,2968.72,10
1320,59,1,24648.05,10
1320,1,1,32685.98,10
2089,100,1,14330.17,10
772,29,1,2255.85,0
366,122,1,25688.37,0
1280,28,1,10487.38,15
1280,96,1,1745.58,15
1111,52,1,3187.53,0
1965,143,1,2018.8,10
1500,108,1,11160.22,15
1271,76,1,4287.05,15
1271,68,1,27907.99,15
1271,139,1,2848.81,15
525,18,1,69840.59,10
2293,37,1,320.5,10
885,44,1,6254.56,0
1180,56,1,9538.23,0
1180,6,1,4990.46,0
99,61,1,24702.01,5
99,95,1,8151.85,0
99,111,1,18637.46,0
99,76,2,4276.71,0
230,138,1,1851.99,20
131,138,2,1926.91,0
1507,102,1,2851.77,0
1507,85,1,449.27,0
1659,34,1,3154.93,15
1659,36,1,14075.41,15
2289,24,2,6073.8,0
653,100,1,14512.2,10
653,29,1,2286.01,10
593,119,1,8801.03,15
946,55,1,7581.9,0
947,24,1,6268.44,0
1826,20,1,12781.69,20
2503,105,3,514.08,0
2529,139,1,2859.46,0
56,47,2,7103.14,15
220,116,1,22756.98,10
212,144,1,1622.78,10
1206,80,1,1294.25,0
484,24,1,6005.02,20
1863,98,1,6085.5,0
312,63,2,7830.15,15
2554,85,1,414.81,0
365,102,2,2985.72,10
365,54,2,3669.27,10
365,112,2,3502.33,10
151,3,1,14134.62,0
151,105,1,493.68,0
1497,2,2,54406.1,10
2246,121,2,26013.93,10
2246,34,1,2975.05,10
1459,71,1,31171.29,15
2143,131,1,2186.66,15
2143,23,1,5319.97,15
2143,12,2,25262.94,15
2682,63,1,7304.6,15
2682,42,2,3061.88,15
1166,57,2,27377.78,0
917,34,1,3159.62,0
2738,33,1,5793.2,10
2738,68,1,27220.01,5
2738,105,1,460.93,0
2244,26,1,18354.99,10
887,50,1,484.84,0
887,25,1,9569.51,0
887,124,1,12725.88,0
456,29,1,2242.6,20
456,91,1,5764.93,20
2314,60,2,28637.83,0
732,73,1,1558.55,0
732,53,1,7799.98,0
732,140,1,2669.9,0
1412,135,1,1409.28,0
1689,122,1,26979.71,15
1689,18,1,70230.58,15
1189,39,1,7367.56,0
1189,140,1,2639.76,0
2621,113,1,7630.26,0
1135,63,1,7647.87,20
2177,9,1,27133.46,0
1190,23,1,4828.46,0
1778,131,1,2241.29,0
1778,23,1,5462.6,0
2616,61,2,24783.98,10
2823,25,1,10156.64,0
291,89,1,3061.94,15
1788,14,1,18323.42,20
52,71,1,27870.44,0
655,11,2,50183.21,0
1540,132,2,608.81,0
1798,138,1,1899.64,20
1798,61,1,23797.52,20
750,7,2,66329.26,0
695,55,1,7969.91,10
1396,59,2,24689.25,0
1396,133,1,3136.35,0
1396,69,1,15237.38,0
2723,66,1,13027.32,0
2723,62,3,10757.65,0
1880,61,1,25856.92,0
1246,8,1,15739.71,20
2299,41,1,8014.68,15
1212,47,1,7182.54,10
540,114,1,28962.09,0
540,62,1,9724.92,10
540,131,1,2333.55,0
1558,30,3,1418.99,0
1679,133,1,2955.3,20
1679,21,1,2723.08,20
1679,84,2,1552.85,20
828,138,1,1983.34,20
749,87,1,2462.79,0
561,141,1,3113.16,0
2514,58,1,20467.78,0
1158,114,2,27509.04,0
1158,139,1,2835.34,0
1237,100,1,14361.62,10
2184,18,2,74007.19,0
2184,68,1,27583.93,0
2489,73,1,1535.28,0
2489,91,1,5767.02,0
2331,142,1,1371.08,0
2080,28,1,10507.81,0
600,50,2,465.45,0
600,123,1,1140.12,0
102,130,2,2082.1,20
102,81,1,1794.8,20
1286,19,1,6173.66,15
1286,63,1,7298.17,15
1286,31,1,7652.36,15
1925,124,2,11682.75,10
1408,122,2,25641.15,15
1408,133,1,3235.54,15
757,101,1,10284.69,0
823,132,1,604.71,15
2488,138,1,1958.05,20
2488,38,1,6227.46,20
1217,124,1,13162.73,10
2667,55,1,7293.44,0
2858,117,1,16597.92,0
2513,22,1,1140.21,0
2459,81,1,1754.04,15
1615,19,1,6090.54,0
1615,110,1,19881.71,0
1615,116,1,21885.58,5
1615,28,1,11378.55,0
1030,137,1,2889.88,0
1030,141,1,2990.3,0
1030,144,1,1593.03,0
1062,31,2,7951.46,10
1062,70,1,12082.32,10
1062,104,2,2082.39,10
1062,10,1,34774.73,10
1043,12,1,23949.58,0
1043,39,1,6726.91,0
1043,114,1,26713.96,0
1407,47,1,6856.01,10
1748,132,1,620.71,20
1845,17,1,7778.9,5
1845,96,3,1847.71,0
1355,65,1,1180.18,0
1355,82,1,3028.53,0
1355,1,2,31861.9,0
2545,36,1,14423.26,0
1655,8,1,17696.22,15
1839,28,1,11236.38,15
1839,36,3,14256.47,15
1839,78,1,4203.94,15
1767,118,1,6295.87,0
1767,45,1,8343.78,0
2091,13,2,35464.98,0
2499,128,1,675.47,0
2499,132,2,588.81,0
2499,130,1,1996.98,0
251,72,1,14561.4,0
926,52,2,3083.48,0
945,92,1,14048.84,0
945,37,2,315.35,0
945,30,1,1403.14,0
1173,38,1,6523.68,10
2639,66,2,12624.95,10
2639,56,1,9188.38,10
2639,132,1,607.18,10
2827,68,1,30487.2,0
2827,141,1,2950.15,0
746,111,1,19354.93,20
831,58,1,19911.87,10
831,70,2,12050.93,10
47,109,1,10266.2,0
307,21,1,2823.88,0
307,35,1,1824.74,0
1234,42,2,3266.33,10
1234,35,1,1890.26,10
2335,97,2,15440.52,0
2335,88,2,3084.84,0
2335,121,1,25125.91,0
1543,5,1,49858.79,0
1543,90,1,4130.39,0
306,120,2,18495.67,10
1908,106,1,8577.33,0
1141,50,1,468.32,0
1141,64,1,24513.25,0
524,76,1,3950.65,0
543,88,1,3146.92,0
543,10,1,35725.46,5
543,112,1,3148.7,0
543,140,2,2471.07,0
729,144,1,1617.19,0
1253,129,1,3167.38,0
81,19,1,5859.09,0
1114,41,1,8254.99,0
1874,80,1,1298.0,0
1874,42,1,3243.19,0
1276,41,2,8280.85,0
226,70,1,12229.72,15
417,107,1,11297.55,15
417,138,1,1761.98,15
1589,59,1,24406.68,15
1589,133,1,2975.54,15
196,124,1,12231.42,15
196,7,1,59398.0,15
196,137,1,3038.64,15
196,91,1,5817.79,15
243,72,1,15780.95,20
1142,99,3,12110.53,0
350,34,2,3226.3,0
1469,28,1,10675.17,20
2134,139,1,2696.68,10
2134,53,2,8676.25,10
2620,25,2,10895.48,15
2815,117,3,15686.76,20
2115,72,1,15099.87,0
2115,20,1,12872.71,0
2115,92,2,14662.16,0
2115,132,1,635.01,0
526,73,1,1506.41,0
526,39,1,6829.21,0
784,17,2,8078.15,0
1348,82,2,3000.27,15
2397,118,1,6400.87,0
747,26,2,17479.44,20
747,36,1,15094.37,20
747,120,2,18382.04,20
747,126,2,8388.82,20
2454,5,1,46225.05,0
2454,68,1,30414.15,0
2454,17,1,8026.97,0
2297,4,2,8123.9,0
2700,129,2,3492.34,0
2700,5,1,45969.66,0
197,69,3,16028.35,0
287,78,1,4474.24,0
1351,71,1,30320.99,0
1351,62,1,10088.21,0
370,24,2,6104.46,0
370,32,1,15529.24,0
370,7,1,61615.67,0
370,83,1,620.33,0
986,100,1,15244.9,0
986,79,1,3234.87,0
895,52,3,3063.04,20
1083,109,1,9877.44,0
2670,11,1,44606.44,0
1452,17,2,7882.75,20
1452,93,1,4747.3,20
520,14,1,17727.22,15
569,129,1,3301.72,0
1842,92,3,14045.11,0
2341,37,1,288.35,0
2341,79,1,3120.56,0
2773,72,1,15063.75,0
2773,78,1,4326.46,0
1466,77,1,847.02,10
1466,2,1,60148.27,10
1023,93,1,4527.75,0
1417,74,1,2952.47,10
1417,71,1,27202.56,10
1417,78,1,4494.71,10
906,48,1,6612.96,0
906,134,2,2524.67,0
705,92,1,14902.33,0
310,124,1,12062.77,0
310,102,1,2938.27,10
1409,56,2,9366.91,0
1409,13,1,36885.35,0
416,44,1,6567.36,0
416,10,1,33111.79,0
503,39,2,7072.25,20
503,60,2,28384.52,20
624,113,1,8201.74,20
624,61,1,24088.42,20
624,77,1,927.25,20
508,86,1,3266.68,10
1422,102,1,3084.62,0
267,31,2,7175.46,0
267,103,2,9903.14,0
360,133,1,3171.89,15
826,44,3,6753.56,0
840,60,3,28055.07,0
608,3,2,14624.75,15
232,31,1,7694.48,0
2860,108,3,11529.39,0
1821,35,1,2010.96,0
1821,125,1,27973.38,0
1821,127,1,3187.26,0
1821,7,2,61034.0,0
2835,57,1,29694.92,0
2835,105,2,454.23,0
2243,7,1,67078.36,0
2243,41,1,7693.47,5
2243,36,2,13813.06,0
1389,106,1,9497.15,0
1036,25,1,10066.72,0
704,32,1,14537.62,15
704,25,1,10107.41,15
217,83,1,618.98,0
1565,125,2,27035.18,10
1565,132,1,570.91,10
1565,70,1,12315.86,10
304,39,2,7330.07,0
304,138,1,1806.86,0
2570,26,2,17867.58,0
198,82,2,3063.15,20
2470,87,1,2600.56,15
973,24,1,5768.72,0
550,136,1,2896.0,0
516,117,1,16081.68,15
473,96,1,1746.71,0
1606,41,1,8123.58,0
2070,116,2,23691.93,15
730,89,1,3440.0,20
42,104,1,1983.45,10
42,136,1,2812.35,10
42,45,1,8549.44,10
779,129,1,3175.08,0
2061,131,1,2256.24,10
1321,74,1,2808.32,20
1915,40,1,3568.12,0
1915,115,2,23743.87,0
1915,95,2,8795.41,0
1915,74,3,2698.27,0
2049,132,1,635.48,0
2725,143,1,2172.7,10
2725,136,1,2947.34,10
37,24,1,6162.01,0
167,97,1,14555.58,15
167,91,1,5876.02,15
787,138,2,1740.04,0
684,90,1,4092.65,10
449,124,2,12498.29,0
79,109,1,10283.67,0
79,113,1,7890.04,0
79,57,1,27937.77,0
486,133,1,3209.12,0
26,133,2,3161.21,20
26,17,2,8003.24,20
612,68,1,28113.58,15
612,41,1,7362.24,15
715,11,1,45879.62,0
700,107,1,11091.37,0
700,85,1,409.81,5
1318,45,2,7627.42,0
1318,5,2,48946.29,0
194,101,2,10915.71,0
194,140,1,2662.45,0
2769,128,1,733.32,0
2769,86,1,3260.48,0
2769,19,3,6356.41,0
2653,17,1,7839.79,15
2653,14,1,17271.7,15
2275,3,1,14210.57,0
2535,134,2,2602.07,0
2535,91,1,5527.09,0
756,55,1,7988.34,0
2409,22,1,1187.76,20
427,81,1,1723.44,20
597,129,1,3202.26,15
285,8,2,17056.63,10
285,20,3,13310.49,10
270,36,1,14098.71,0
1436,112,1,3316.86,0
1436,135,1,1348.95,0
228,111,1,17910.84,15
228,115,1,25100.2,15
228,129,1,3240.77,15
1194,63,1,7631.26,0
1835,48,1,7149.81,0
2269,83,1,596.46,10
203,115,1,26218.85,0
1776,65,1,1152.68,15
1776,1,1,32511.97,15
1070,68,1,27591.13,15
1220,31,1,7354.4,20
1220,78,2,4522.0,20
1220,95,2,8149.91,20
1220,41,2,7419.78,20
581,144,1,1801.06,0
2345,14,1,16903.9,15
2810,88,2,3108.53,15
1150,45,1,8283.0,20
1941,8,1,16458.29,15
376,25,2,10172.41,0
1156,87,1,2297.51,20
1156,113,1,7676.0,20
658,5,3,48834.94,0
2085,5,1,46644.92,0
865,24,1,5916.74,0
2056,5,2,45330.73,0
1905,120,1,19583.84,10
1442,18,1,74096.73,0
1442,106,2,9091.85,0
2431,8,2,16888.17,0
2571,9,1,24194.43,10
2571,35,1,1925.94,10
2571,58,1,20706.94,10
2165,44,1,6522.39,0
2495,111,3,19804.38,0
2051,12,1,23272.78,10
317,95,1,9026.28,0
2140,62,1,10575.95,0
2140,37,1,285.15,0
2730,5,2,46335.23,0
2730,109,1,9659.22,0
2762,89,1,3304.4,0
1471,111,1,18985.26,10
1471,86,1,3248.37,10
1471,116,1,22346.44,10
2155,50,3,453.23,5
2155,84,1,1666.89,0
2155,71,1,29296.14,0
2751,88,2,3000.87,10
2163,130,2,2140.74,0
2182,70,1,12069.24,0
2182,125,1,27256.47,0
2300,59,1,25871.93,0
2300,21,2,2662.12,0
2300,49,2,4811.77,0
2010,54,1,3739.11,0
437,99,1,11707.51,0
437,105,1,467.07,0
1924,82,1,2898.01,0
1577,10,1,32970.78,0
1577,65,1,1081.88,0
1231,11,2,48198.09,20
1373,44,1,6646.39,10
2599,63,1,7446.59,0
1912,140,1,2388.57,20
2257,105,1,473.4,0
2257,52,2,3159.88,0
2257,81,2,1766.83,0
2783,143,1,1968.49,0
1421,20,1,11985.91,5
2619,71,1,30648.14,15
2619,78,1,4566.54,15
2619,46,3,1264.62,15
2619,13,1,36749.62,15
2587,56,2,9258.72,0
2587,44,2,6562.66,0
344,132,1,603.03,0
1494,47,1,6562.79,0
1494,115,2,26321.01,10
1494,2,1,54189.76,0
1945,83,3,655.77,0
66,72,2,16176.08,10
782,119,1,8521.21,10
782,43,3,3101.01,10
797,25,1,10042.52,0
2584,60,1,26400.16,20
1720,11,1,47451.04,20
2110,59,1,25610.86,0
855,20,1,13383.41,10
1496,136,1,2777.08,0
1605,108,1,11961.72,0
1605,36,2,14813.65,0
1602,97,1,15313.08,0
1602,67,1,4379.81,0
1801,100,1,14923.67,0
1801,134,1,2353.54,0
2006,141,1,3302.97,0
2006,62,1,10152.62,0
2006,8,2,16887.41,0
2060,92,1,14399.8,20
2060,76,2,4400.65,20
2060,78,1,4386.82,20
1937,51,1,505.34,0
1241,25,1,10303.31,0
356,119,1,8968.45,0
356,13,1,33961.82,0
1544,45,1,7659.36,0
2354,127,1,3056.26,10
2354,11,1,50113.42,10
2114,97,1,15587.74,0
2290,111,1,18598.83,0
2290,117,1,16124.38,0
2106,86,1,3186.31,15
331,127,1,3005.66,10
294,34,1,3226.54,0
2004,15,1,44159.48,5
1989,35,2,1859.1,0
268,13,1,37950.47,20
1367,95,1,9241.26,15
2117,96,2,1966.88,0
1125,138,1,1902.04,0
1211,56,1,8987.08,10
1211,42,1,3145.91,10
1833,6,1,4873.43,0
1833,22,1,1250.07,0
1833,128,2,695.3,0
2039,49,1,4774.23,0
2039,84,1,1625.37,0
2039,46,1,1309.98,0
1669,17,2,8116.85,0
1669,57,1,27517.21,0
2221,78,2,4463.13,0
2336,119,1,8197.63,20
2712,7,1,67722.53,15
1520,88,1,2943.5,0
387,112,1,3106.59,0
2090,2,1,56605.58,0
2090,133,1,2925.05,0
1561,79,1,2968.26,0
2867,55,1,7562.98,0
628,34,2,3208.88,0
628,137,1,3071.45,0
628,53,1,7849.83,0
628,47,1,6720.24,0
2217,48,1,7489.53,0
2217,103,1,10455.17,0
2217,20,2,12998.0,0
122,50,1,458.2,0
1708,66,1,13498.77,0
1708,25,1,10079.39,0
1216,28,2,11778.28,0
497,27,1,16141.63,20
1104,54,1,3885.46,0
1448,90,1,4521.32,10
1448,107,1,11274.35,10
2274,88,1,3071.8,15
2274,92,1,14266.54,15
1985,4,1,7285.31,0
1985,116,1,23906.25,0
2234,5,1,44950.88,10
1743,103,2,9843.33,20
1743,85,1,424.49,20
1401,37,2,319.32,0
1401,71,3,30849.13,0
132,23,1,5354.75,0
1596,54,2,4099.5,20
1596,140,1,2564.3,20
1596,107,1,10042.78,20
1596,4,1,8167.73,20
1433,42,1,3378.39,10
2714,12,3,23208.14,0
2820,22,1,1230.48,0
1593,90,1,4178.77,10
1338,53,1,8581.33,10
1338,85,1,413.63,10
1338,91,1,5991.87,10
529,133,1,2989.33,0
340,94,1,12951.91,20
2887,96,2,1834.16,0
2887,16,1,45104.87,0
2878,135,1,1350.3,5
2813,61,1,24505.84,0
139,81,1,1785.54,20
685,44,1,6627.74,15
1755,64,1,24016.47,15
171,105,1,463.6,0
171,52,1,2836.45,0
1503,24,2,6204.92,0
221,69,1,15624.91,0
1718,33,1,5775.12,0
431,25,1,9919.22,10
431,26,1,16845.07,10
431,29,1,2125.03,10
1899,45,1,8554.13,0
758,64,1,25350.21,10
1710,87,1,2420.75,0
1710,115,1,26827.05,0
1710,48,2,6623.67,0
1339,98,1,5515.0,15
1339,30,1,1413.61,15
2809,32,2,14966.34,10
2809,45,1,8260.57,10
2809,116,2,23243.44,10
2809,66,1,13429.44,10
2008,87,1,2425.9,0
890,7,1,61973.82,0
1894,8,1,17386.16,20
1654,83,1,672.64,0
215,38,1,6655.21,20
64,45,1,7585.01,20
64,44,1,6761.99,20
64,33,2,5745.45,20
332,102,2,3053.99,0
332,97,1,14537.94,0
1488,32,1,15058.3,15
613,105,2,450.7,0
613,94,1,13868.11,0
613,131,1,2177.56,0
639,73,1,1398.8,10
1345,80,2,1332.98,0
2493,57,1,27694.38,0
1129,91,1,5906.36,0
1129,127,1,3014.56,0
2197,74,1,2749.32,5
2197,93,1,4531.11,0
1167,36,1,13314.09,0
661,33,2,5476.56,10
661,126,1,8882.86,10
2702,93,1,4428.52,0
2702,41,1,8151.8,0
2702,136,1,3015.3,0
2606,87,1,2346.76,20
2606,60,1,27279.93,20
2606,115,1,26828.49,20
2606,30,3,1465.86,20
5,100,1,13446.17,10
65,5,1,49852.59,0
48,142,3,1352.93,0
640,10,3,33476.08,20
640,65,1,1049.04,20
2164,61,1,23570.64,10
244,107,1,11166.51,10
460,14,2,18618.36,0
460,25,1,10002.43,5
460,127,1,2975.12,0
460,41,1,7916.82,0
2050,90,2,3977.38,0
2050,110,3,17951.51,0
2050,56,1,9043.91,0
2050,129,1,3202.32,0
2507,37,3,314.08,15
49,106,1,8773.47,0
1056,51,1,548.46,0
1056,75,1,476.79,0
1957,82,1,3171.44,0
1492,27,1,16840.3,0
932,85,1,406.91,0
932,40,1,3499.49,0
2824,31,1,7214.25,0
2824,6,2,5081.21,0
1587,114,1,27867.0,0
674,134,1,2551.29,20
302,54,2,3691.39,15
2072,107,2,11316.58,10
1077,92,1,14730.76,0
2766,30,2,1445.39,5
2766,141,1,2949.44,0
897,7,1,61048.79,0
925,12,1,24588.12,0
925,48,1,7436.39,0
2151,35,1,1996.54,0
2073,1,2,29509.77,0
2073,50,1,503.57,0
2101,49,1,5149.6,0
2101,102,2,3131.94,0
2357,100,1,14421.26,20
1786,18,1,73243.4,20
2638,134,1,2453.89,0
851,87,1,2540.72,20
2233,14,1,17787.12,20
13,22,2,1207.69,0
13,114,1,28101.11,0
13,85,1,398.98,0
13,128,1,714.76,0
1121,65,1,1131.63,0
229,46,1,1274.9,0
229,96,1,1763.51,0
1288,107,3,10070.94,15
1697,2,1,59442.71,10
1697,63,1,7090.6,10
1697,48,1,6773.46,10
1714,54,1,4126.08,20
754,124,1,11694.96,20
1749,82,1,2866.77,0
884,102,1,2773.05,20
9,74,1,2945.64,0
9,77,2,883.17,10
9,97,1,15415.08,0
237,83,1,606.57,0
237,130,1,2077.03,10
1694,39,1,7440.41,0
1015,68,1,28265.08,0
1015,52,1,3023.05,0
1015,94,2,12489.45,0
1015,86,1,3063.74,0
1706,110,1,18166.4,0
1706,128,1,743.0,0
1706,143,1,2032.21,0
963,96,1,1860.78,0
2071,97,1,14937.45,0
2071,80,1,1212.97,0
2071,111,1,18803.95,0
2071,99,1,12233.72,0
2045,134,2,2595.88,0
580,13,2,35281.18,15
466,37,1,319.41,0
466,68,2,29494.73,0
992,94,1,13747.38,0
992,114,1,26463.51,0
992,53,3,8207.8,0
584,26,1,17933.64,0
788,21,1,2873.77,0
788,20,3,12662.79,5
575,109,3,9628.0,0
361,39,1,6886.79,0
375,33,1,5605.36,10
2301,51,1,497.33,0
2301,84,1,1710.71,0
2301,55,1,7589.44,0
2301,76,1,4014.52,0
2675,136,1,2780.96,0
2029,37,1,300.59,10
1968,143,1,2207.69,15
2792,47,1,6952.79,10
2044,70,1,12386.79,0
2107,65,2,1099.38,5
2107,66,1,13688.71,0
2107,111,2,19547.63,0
1964,4,1,7438.19,20
1964,134,1,2647.02,20
2146,57,2,28596.02,0
2497,92,1,14983.71,10
2497,144,2,1633.93,10
2188,50,1,497.83,15
1258,35,1,1927.24,20
1300,93,1,4239.64,10
2676,92,1,15011.66,0
2676,30,1,1325.6,0
2676,33,1,5876.6,10
2054,144,3,1635.63,0
1811,98,1,5548.84,10
1811,18,1,72319.92,10
1811,40,1,3365.05,10
2660,84,1,1696.01,0
1533,36,1,14195.34,10
1205,143,1,1992.94,10
2404,51,1,515.73,10
2404,126,1,9309.17,10
836,94,3,14149.12,20
836,38,2,6823.07,20
1699,100,1,13603.55,20
400,6,1,5332.94,20
1041,57,2,27933.8,20
1060,116,1,21083.64,15
1619,130,1,2050.77,0
1326,79,1,3108.96,15
980,59,1,25615.83,10
1818,132,1,633.11,0
1818,67,1,4198.37,0
1818,25,1,10259.1,0
1391,127,1,2936.4,10
1254,109,1,9071.55,0
1933,42,1,3354.69,0
1933,14,1,17508.12,10
2124,99,2,11928.07,0
2124,44,1,6282.92,0
2124,78,1,4199.94,0
1377,96,1,1928.07,0
2779,26,1,17509.68,0
2779,120,3,17879.5,0
1855,109,1,9263.88,0
1855,116,1,23155.27,0
1747,48,2,6576.6,10
1747,27,3,17842.52,10
2557,98,1,5655.14,0
500,116,1,22403.38,0
997,121,1,28022.96,0
1846,72,2,15096.4,0
1829,115,1,23881.34,10
485,86,1,3274.16,20
485,6,1,5095.3,20
1228,103,2,10128.07,0
1145,56,1,9043.37,0
1017,47,2,6595.08,0
1735,132,2,598.82,10
1174,138,1,1779.03,0
2851,26,1,18815.27,0
2851,34,1,2936.69,0
2851,71,2,29145.57,0
1604,85,2,419.47,0
1604,26,3,17986.4,0
1604,127,1,2871.17,0
1434,74,1,2841.34,0
2162,114,1,29317.78,0
2162,77,1,877.68,0
827,113,1,7800.75,10
827,116,2,22191.43,10
827,107,1,10034.64,10
827,115,1,27019.74,10
2034,39,1,6617.2,0
2034,63,1,7771.61,0
2034,7,1,63144.62,0
1799,118,1,6261.69,15
2879,96,1,1758.89,0
2574,39,1,6768.58,0
1752,137,1,2959.59,0
1752,40,1,3591.9,0
1752,121,1,28271.01,10
567,116,2,22680.32,15
567,37,2,295.13,15
849,62,1,9877.39,0
626,48,1,7216.98,15
978,66,1,13094.84,0
978,111,1,18763.07,10
1356,118,2,6264.88,0
1737,83,2,679.16,0
1737,12,1,24049.46,0
1737,130,1,1936.09,0
2398,20,2,12624.22,0
2398,38,1,6539.41,5
703,6,1,4790.73,10
703,20,1,13086.73,10
1099,118,2,6499.82,10
1099,48,1,7502.53,10
489,22,1,1209.21,0
489,78,1,4532.58,0
489,135,1,1290.32,0
1293,67,1,4678.25,0
1293,137,1,3155.6,0
260,135,1,1373.34,0
504,92,2,14142.21,0
62,70,1,11763.89,10
62,34,1,2920.64,10
259,135,1,1269.68,20
259,2,1,56609.44,20
2116,61,1,24308.44,10
2116,93,2,4523.13,10
2116,10,2,32750.52,10
899,111,1,18383.46,15
962,142,1,1324.53,0
962,31,2,7927.15,0
962,30,1,1359.32,0
2524,12,1,24372.08,0
2524,115,1,25829.03,0
1028,63,2,7106.98,10
1028,56,1,9830.43,10
1028,131,1,2231.97,10
1028,64,3,24184.22,10
2192,77,2,844.14,20
2668,120,1,17390.37,0
2668,130,3,2121.9,0
2367,121,1,25730.47,0
2367,11,1,49870.61,0
834,116,3,22576.1,0
834,49,2,4901.46,0
834,2,1,54869.71,10
834,105,2,462.41,0
1059,33,1,5224.97,10
1836,88,1,3111.59,0
1131,81,1,1754.11,10
1131,60,1,27857.32,10
1890,82,1,2917.43,0
1890,131,2,2097.77,0
2375,63,1,7407.48,0
877,56,1,9046.7,0
877,58,1,18234.5,0
877,16,1,50016.08,0
681,98,2,5515.34,10
681,30,1,1347.91,10
681,15,1,44901.24,10
1428,33,3,5256.86,10
830,115,2,25791.85,0
982,94,1,13546.63,0
153,106,1,9095.53,15
2235,79,1,3110.31,15
739,84,1,1577.02,0
2437,133,1,3161.3,0
200,99,1,12451.7,20
379,139,1,2838.32,0
436,67,1,4350.43,10
436,107,1,11288.7,10
860,94,2,13037.71,20
860,81,1,1799.09,20
860,53,1,8139.56,20
860,102,2,3088.3,20
738,128,1,714.45,0
738,142,1,1425.57,10
1983,38,1,6833.4,0
868,80,1,1274.81,0
588,135,2,1417.88,20
410,78,1,4450.3,10
785,83,2,626.13,15
2724,29,1,2214.69,20
1864,3,1,14639.58,10
2573,71,1,31063.65,20
752,110,1,18798.66,0
1830,109,1,10163.74,15
117,15,1,43609.12,0
117,42,2,2988.6,0
117,111,2,19754.18,0
117,78,1,4304.95,0
2379,76,2,4248.33,20
1774,112,2,3315.8,15
1774,10,1,36876.67,15
1774,24,1,6012.32,15
2671,141,1,3083.71,0
2671,17,2,8354.45,0
1930,20,1,13384.33,0
1930,104,1,2096.33,0
1930,3,1,15818.49,0
2727,69,1,16401.94,0
1918,23,2,5358.81,20
1918,88,1,2836.08,20
2159,120,1,18169.57,0
2865,90,1,4340.16,20
2865,120,1,18723.59,20
2865,71,2,29389.0,20
2701,32,2,15465.64,0
2486,49,2,4709.69,0
1207,106,1,9050.1,0
127,44,2,7016.58,20
127,117,1,17077.54,20
870,62,1,9631.69,0
870,37,2,305.1,0
1784,29,1,2307.72,10
258,17,1,7852.5,0
272,70,1,10867.77,0
2262,128,2,694.93,0
185,96,1,1790.18,0
343,90,2,4278.09,10
2804,24,2,6108.11,10
1832,135,2,1406.49,10
1528,65,1,1149.68,0
585,66,1,13476.3,0
80,18,2,69341.69,20
80,7,3,65596.29,20
80,40,1,3420.59,20
2617,99,1,11624.12,0
2617,58,2,19639.85,0
2617,40,1,3253.6,0
1137,122,2,25552.76,0
1137,15,2,43114.43,0
1203,119,1,8003.9,20
1161,74,1,2882.8,0
1007,132,1,613.97,10
1007,69,2,15971.9,10
2830,44,1,6914.64,0
1223,7,1,66649.57,0
1223,20,1,13024.48,0
955,144,1,1804.26,0
955,125,1,25830.9,0
2674,40,1,3656.28,10
2674,142,2,1360.78,10
2305,2,1,57709.4,0
966,137,1,3153.92,20
966,141,1,3022.82,20
2405,54,1,3946.36,10
2721,48,1,6905.73,0
2721,114,2,26433.55,0
1046,106,1,8730.32,0
2003,4,1,7674.23,0
2003,109,1,9438.46,0
1340,44,1,6927.4,0
1977,51,1,544.27,10
1977,70,2,11618.03,0
1977,61,1,25154.87,0
999,49,2,5135.32,20
999,52,1,3005.59,20
999,129,2,3501.5,20
999,143,1,2168.14,20
1224,98,1,5736.67,0
1224,119,1,8569.63,0
1224,127,2,2953.63,0
1224,49,1,5198.75,0
2468,67,2,4534.77,0
248,49,1,4572.52,0
271,38,1,6070.42,15
271,9,1,25329.17,15
1191,51,1,517.0,0
1191,33,1,5613.68,10
1191,116,1,21280.94,0
2287,10,2,33030.83,10
1312,14,1,16892.37,15
1312,22,1,1262.74,15
998,39,1,7187.62,0
1493,131,2,2306.24,0
1493,20,2,12631.33,0
1493,9,1,25002.1,0
1723,33,1,5372.13,10
1723,57,1,28792.61,10
2082,131,1,2280.06,0
2695,122,1,27266.04,0
1031,30,2,1370.21,0
1031,128,1,725.99,0
1031,26,1,17795.55,0
1262,110,1,17466.79,15
1262,73,1,1564.65,15
598,144,2,1717.74,10
598,123,1,1151.24,10
598,47,1,6958.94,10
2219,32,2,14315.77,10
1510,129,1,3440.31,0
2791,26,1,18250.17,0
1463,142,1,1366.74,0
1463,130,1,2011.76,0
1193,54,1,3801.44,0
1193,103,2,9336.54,0
1193,36,1,13255.87,0
8,140,1,2536.48,0
4,38,1,6735.42,10
4,26,1,17736.9,10
349,82,1,3112.31,20
443,143,2,1959.82,10
443,70,1,11382.25,0
443,132,1,577.57,0
289,26,2,17516.51,15
73,112,1,3094.89,0
1904,25,1,10856.84,0
1904,8,1,16026.2,0
1879,63,1,8053.61,0
678,8,1,17238.94,0
6,13,1,38507.62,0
6,96,1,1777.49,10
7,28,1,10491.33,0
7,17,1,8146.63,0
309,68,1,30342.64,0
1746,50,1,497.66,20
2526,108,3,10960.52,0
2526,63,1,7749.4,0
1051,34,1,3259.76,0
1688,124,2,12693.29,20
1753,94,1,12661.52,10
2534,68,2,29016.54,15
2534,31,1,7097.75,15
2774,28,1,11485.73,20
1535,119,2,8361.32,0
1896,56,1,9094.83,20
1896,122,1,26825.37,20
336,12,1,23819.72,0
336,115,1,26642.23,0
724,102,1,3110.88,5
1629,120,2,18226.4,10
448,140,1,2592.02,0
1091,34,2,3176.19,0
234,100,2,14388.69,10
234,13,1,37525.45,10
572,12,1,23775.02,0
2512,22,2,1180.89,0
2512,31,2,7265.72,0
126,15,2,48263.45,10
1744,63,2,8008.15,0
1744,61,2,22977.16,0
1744,99,3,12572.21,0
1290,16,1,47337.99,0
1290,85,1,418.16,0
1290,43,1,3177.27,0
1029,90,1,3991.68,0
1029,96,1,1892.04,0
1119,8,1,15512.12,20
1119,105,1,513.04,20
1119,82,1,2833.73,20
1119,97,1,14052.15,20
2205,86,1,3057.31,20
2205,58,1,18274.49,20
930,119,1,8007.29,0
930,136,2,3078.63,5
1090,93,1,4353.68,15
238,133,2,3211.18,15
238,32,1,15915.82,15
1441,80,1,1223.71,0
1196,90,1,4232.84,0
1196,116,1,21775.42,0
1884,127,1,3052.27,0
2121,111,1,17781.89,0
2121,45,1,7757.22,0
2121,95,1,8644.23,0
2121,24,2,5836.24,0
693,7,2,66972.15,0
693,136,1,2747.58,0
2035,134,1,2485.3,20
2035,59,1,24889.12,20
1048,136,2,2960.9,10
2877,49,1,4793.18,15
495,49,2,5121.42,15
2541,126,1,8782.64,0
2541,86,2,3301.48,0
2541,117,1,16877.75,0
1238,56,1,9859.04,0
457,101,1,10232.9,0
1364,17,1,8458.64,0
1895,134,1,2469.65,0
1895,1,2,29443.56,0
1883,66,1,12512.95,0
2857,74,1,2748.43,0
2857,130,1,1939.86,0
2015,12,1,25066.73,20
2059,124,1,11660.72,20
2059,121,1,27890.77,20
1670,33,3,5183.55,0
1670,58,1,20716.71,0
1670,133,1,3285.74,10
1724,35,3,1925.59,0
2407,64,1,25102.05,0
2407,16,1,48419.41,0
1454,22,1,1218.67,20
1454,39,2,7448.59,20
1176,82,1,2928.29,15
1176,97,1,14220.06,15
1176,104,1,1975.07,15
2556,142,2,1335.38,0
557,19,1,6277.25,15
1462,114,2,27829.8,0
2036,121,3,25608.62,0
2351,114,1,26654.59,0
2351,122,1,27022.2,0
2351,52,1,2839.12,0
2351,132,1,640.3,0
1922,32,1,14392.93,20
1922,99,2,12328.15,20
591,93,1,4402.96,0
702,128,3,699.06,0
702,118,1,6411.78,0
1953,67,1,4126.24,0
1851,87,1,2363.97,0
1942,6,1,4959.53,10
1942,15,2,47265.34,10
2038,48,1,7273.63,20
207,49,3,5110.78,0
207,102,1,3099.29,0
450,60,1,28167.51,0
450,66,1,12572.24,0
570,67,1,4629.65,5
2710,44,1,6349.21,0
2710,68,2,28660.77,0
2710,2,1,57062.45,0
2625,9,1,25008.55,0
2662,1,1,30477.96,20
1731,109,1,9520.13,0
1731,95,1,8313.64,0
1731,92,2,15232.8,0
1731,87,1,2528.41,0
2637,98,2,6089.74,0
2875,18,1,71022.35,0
14,102,2,3111.68,0
120,57,3,28350.4,0
120,130,1,2115.81,0
120,83,1,669.49,0
246,71,1,27781.1,0
322,51,2,527.94,0
322,143,1,2123.89,0
38,52,1,2833.58,0
38,117,1,16095.58,0
38,53,1,7737.35,0
38,90,1,4226.22,0
2805,48,1,7452.89,0
2628,118,1,5798.12,0
2461,39,2,7481.82,0
2461,37,2,312.06,0
2461,41,2,8133.26,0
2461,66,1,13559.2,0
1550,16,1,45439.63,15
1550,54,1,3723.86,15
1550,9,1,26171.56,15
1721,41,3,7574.02,10
150,110,1,18141.45,0
105,129,1,3140.85,0
105,28,1,10764.05,0
130,100,1,13801.89,0
662,46,1,1301.31,20
662,48,1,7465.96,20
1815,13,1,34470.64,20
2748,68,3,29495.95,0
556,94,2,13624.91,0
556,43,1,2832.66,0
2026,12,2,26075.04,0
22,72,1,16253.96,5
2844,98,1,5704.47,10
1576,83,2,652.19,0
88,121,1,25608.95,0
33,18,1,75066.47,15
1479,124,1,13106.2,0
1479,26,3,18382.56,0
1479,17,1,8130.57,0
1073,83,1,616.12,10
1118,35,1,1891.21,0
1118,104,1,2093.35,0
1118,2,1,54266.78,0
1118,129,1,3328.28,0
1072,137,1,3211.94,0
1072,47,1,6834.26,0
1072,48,1,7205.2,0
1072,1,1,29504.11,0
2481,17,3,7786.82,0
2481,55,1,7945.11,0
2793,12,1,25844.7,10
2793,139,1,2785.85,10
2793,89,2,3429.38,10
147,62,1,10546.95,0
1109,118,2,6049.05,15
1179,51,1,557.47,0
1179,13,1,34643.38,0
1179,106,2,8582.34,0
1909,55,1,7290.43,0
1909,85,1,454.8,0
1909,12,1,25291.77,0
2141,118,1,6134.19,0
541,13,1,37136.25,20
541,31,1,7186.24,20
1115,68,1,30402.05,20
1115,25,1,9746.34,20
1130,117,1,17686.34,0
1130,83,1,597.02,0
1361,131,1,2246.93,0
1361,19,2,5851.68,0
2413,126,1,8808.78,15
2413,140,2,2452.59,15
2413,122,1,24645.13,15
2413,54,1,3725.36,15
2258,6,1,4746.93,0
2258,62,1,10515.68,0
911,63,1,7777.74,15
2861,95,1,9295.65,0
2861,34,1,3180.74,0
1245,71,1,31122.99,10
1840,125,2,27399.04,0
1840,121,1,28134.89,0
1840,138,1,1758.93,0
2410,104,1,1917.02,15
1658,122,1,25719.6,0
664,86,1,3206.68,0
664,58,2,18709.48,0
242,47,2,6970.94,10
242,142,1,1450.5,10
242,83,2,664.06,10
242,104,1,2002.68,10
934,31,1,7235.82,0
1386,62,1,10928.89,5
1386,101,1,10758.06,0
1888,81,1,1807.92,10
1888,108,2,11271.34,0
1888,18,1,75615.19,0
2795,8,1,16734.41,0
2795,105,1,469.67,0
948,89,1,2995.41,0
535,39,1,6703.08,0
874,76,1,4400.74,10
1913,111,1,18568.42,0
233,117,1,17682.11,0
30,89,1,3235.74,0
30,9,1,24755.91,0
2586,18,2,69411.6,0
1065,141,1,3248.64,0
1065,96,1,1908.49,0
1065,68,1,28121.92,0
172,80,1,1352.1,0
172,4,1,7217.59,0
172,117,2,16161.97,0
1645,144,1,1810.5,0
2292,143,1,2224.01,5
631,1,1,31833.27,20
2264,86,2,3021.29,0
1322,32,1,15616.04,0
264,5,1,46820.5,0
162,114,2,27063.72,20
1595,4,1,7582.93,0
353,10,1,32572.64,0
2392,38,1,6666.5,15
278,35,1,1952.83,20
278,98,2,5577.02,20
743,90,1,4117.03,0
743,25,1,10540.25,0
1032,82,1,2782.56,20
288,87,1,2313.01,0
288,25,1,9515.61,0
288,96,2,1780.92,0
288,68,1,26912.06,0
1103,53,2,8841.69,0
1284,118,1,5871.78,10
1284,73,1,1564.35,10
1284,43,1,3009.2,10
118,23,1,5066.5,0
2601,14,1,17498.22,20
2601,140,1,2579.45,20
2601,83,1,621.4,20
857,17,2,8320.8,20
719,90,1,4016.27,0
1477,108,1,11889.49,0
1477,5,1,45350.83,0
1477,69,2,15321.5,0
2415,44,1,6290.37,0
2415,10,2,33791.22,0
2415,142,1,1336.77,0
2415,97,1,13931.67,0
1656,5,2,48641.32,20
1656,10,1,32397.27,20
2228,54,1,3769.08,15
2228,61,2,25437.66,15
2228,101,2,11061.24,15
2228,2,1,53992.78,15
1317,31,1,7021.83,0
1531,144,1,1804.98,0
2757,90,1,4184.5,0
96,107,1,10236.77,0
96,71,1,29001.51,0
96,18,1,76283.91,0
1704,138,2,1890.22,0
2796,114,1,25997.32,0
2099,99,1,11920.99,10
737,19,2,5566.44,0
1226,119,3,8345.39,0
522,69,1,15782.66,0
522,26,1,18059.84,0
1369,143,2,2012.89,0
837,93,1,4524.41,20
837,130,1,2185.68,20
1261,60,1,27603.99,0
1261,100,1,14207.19,0
2847,17,1,8643.36,0
1847,46,1,1264.37,0
601,130,1,2141.32,15
1873,51,1,495.13,0
2627,85,1,446.3,0
1705,136,1,2689.88,0
1705,129,2,3389.28,0
1705,111,2,18487.07,0
568,41,1,7410.1,0
568,66,2,13339.57,0
568,126,2,8851.1,0
777,9,1,26362.15,10
777,34,1,3086.76,0
777,23,1,5098.39,0
777,77,1,862.1,0
919,128,1,653.88,10
2400,73,1,1493.13,15
2400,55,1,8001.09,15
2214,127,1,3002.17,0
2677,2,1,52627.7,0
1122,80,1,1217.76,0
404,58,3,20259.7,0
404,47,1,7306.1,0
614,16,2,48182.29,10
614,35,1,1954.51,10
1817,118,2,5692.25,0
2250,96,2,1793.42,10
407,84,1,1556.87,0
1009,118,1,5953.46,0
1009,22,1,1196.66,0
1955,129,1,3320.97,10
2005,19,1,5940.08,0
2396,65,1,1129.55,0
1980,94,1,13641.36,0
1980,43,1,2878.55,0
1980,144,3,1696.72,0
1980,105,2,454.58,0
318,107,1,11157.72,20
1513,43,2,2845.22,0
441,14,1,18957.65,0
886,114,3,28926.03,10
371,38,1,6467.44,15
371,111,2,19477.5,15
371,69,1,16424.28,15
371,28,1,11580.38,15
1515,130,1,2148.97,0
1515,30,1,1463.26,0
708,2,2,56821.9,0
708,33,1,5297.11,0
708,120,2,18421.9,0
2480,72,1,16530.82,10
2480,20,1,13073.63,10
2480,92,2,15619.3,10
1698,109,1,9052.45,10
931,32,1,15102.65,0
931,24,1,6207.66,0
952,132,1,574.27,20
1739,96,1,1823.53,10
2868,61,1,23895.65,0
2868,131,1,2230.21,0
2868,16,1,44462.75,5
2142,87,1,2360.1,0
2280,12,2,24473.01,15
2280,45,1,8112.45,15
1289,144,1,1629.17,0
1289,76,1,4115.0,0
297,94,2,13090.35,10
297,81,1,1893.03,10
297,53,1,8365.71,10
985,134,2,2461.89,10
985,129,2,3165.66,10
2170,71,1,28090.8,5
2170,68,1,28921.6,0
334,14,2,17933.33,0
496,28,1,11846.04,0
496,89,1,3143.96,0
1620,10,1,35185.44,20
76,36,1,13372.09,0
77,4,2,7843.1,0
2435,99,1,12315.17,20
2242,86,1,3250.38,0
1152,31,1,7136.94,20
1152,78,1,4174.98,20
627,142,1,1353.08,15
2193,134,1,2504.04,0
2193,78,2,4408.8,0
2193,133,1,3094.12,0
2881,51,1,565.59,20
953,77,3,856.31,0
2744,14,2,17835.44,10
2744,67,1,4206.82,10
606,41,2,7386.41,0
2241,96,1,1942.35,0
476,129,1,3192.01,0
817,14,1,16738.76,0
817,97,1,13843.34,5
1504,66,1,12828.75,10
1504,60,1,25700.79,10
477,117,3,17732.87,10
2425,73,2,1493.11,15
2425,125,1,25628.57,15
2425,118,1,6396.4,15
2425,18,3,77955.1,15
2209,34,1,2974.39,0
818,84,2,1661.23,10
818,62,2,10133.08,0
119,2,2,57874.26,15
119,3,1,14935.4,15
1008,113,1,8418.12,10
2370,7,1,60274.93,0
938,125,1,28356.99,20
714,102,1,3009.04,15
714,111,1,18531.16,15
323,4,1,8218.95,0
323,69,2,15776.0,0
1213,143,1,2229.57,20
63,72,1,16387.54,0
347,125,1,26408.73,0
347,20,1,13162.14,0
799,3,2,13807.33,10
879,40,1,3287.75,0
879,7,1,61725.93,0
879,89,1,3193.19,0
1292,83,3,610.89,0
1186,97,1,15345.9,0
537,83,2,617.7,0
537,42,1,3365.19,0
537,69,1,17124.57,0
537,94,2,13686.22,0
54,139,2,2951.28,10
54,76,3,3916.16,10
1594,130,1,2071.25,15
625,27,1,16479.9,0
1696,25,1,9762.56,0
1696,29,1,2254.12,0
1696,5,1,44569.65,0
1696,92,1,14908.41,0
1420,95,1,8526.16,0
1420,48,1,6991.97,0
1420,47,1,6791.56,0
339,133,1,3021.62,10
1353,80,1,1355.86,0
1049,109,2,9214.17,0
1049,98,1,5931.58,0
1624,74,1,2670.37,10
1343,75,2,487.42,10
1343,20,1,12959.91,10
1343,129,1,3233.97,10
1768,18,1,70751.49,20
1768,70,1,12329.29,20
1768,39,1,7483.36,20
2111,64,3,24803.65,0
2111,10,1,36394.41,5
2111,56,1,9362.8,0
2111,52,2,2998.85,0
1613,15,1,44112.61,0
1617,29,1,2144.43,20
2504,93,1,4642.39,0
2380,75,1,477.21,0
2380,104,1,2082.56,10
1188,107,1,10737.48,0
871,106,1,8828.94,15
2199,61,1,24687.04,0
2199,103,1,10377.23,5
2199,40,1,3360.54,0
667,102,1,2904.87,0
667,58,1,18431.11,0
667,34,1,3259.75,0
667,54,1,3659.35,0
21,135,1,1376.13,0
21,131,3,2193.99,0
21,106,1,8931.46,0
21,96,1,1917.49,0
972,88,2,2840.57,0
761,114,1,27893.48,0
148,62,1,10642.14,10
148,103,1,10411.97,0
148,46,1,1249.61,0
148,104,2,2113.12,0
1974,49,2,4977.6,0
545,65,1,1172.26,0
545,39,1,7054.18,0
2152,113,1,7900.67,0
2581,107,1,10510.21,0
2683,44,2,6502.44,10
2683,111,1,18235.03,10
2580,69,2,16965.4,15
2580,109,1,9102.14,15
2174,68,2,27709.45,0
275,103,2,10329.43,0
1457,129,2,3494.07,10
1457,51,1,509.79,10
1457,121,1,26503.67,10
841,69,1,15939.3,0
1171,69,2,17068.82,0
1171,110,1,19239.55,0
573,50,1,479.98,0
573,52,3,3043.07,0
2623,124,1,12249.28,10
549,46,1,1313.14,0
549,122,1,26491.1,0
538,114,1,27224.23,15
2550,121,1,26298.64,0
1722,93,1,4584.23,0
2506,131,1,2143.71,0
1088,82,1,2861.96,0
1183,71,3,31018.98,0
1183,33,2,5895.3,0
1311,10,1,32791.37,0
1954,109,1,9028.53,0
663,69,1,15397.79,0
2383,89,1,3004.4,0
2136,10,2,35230.9,0
2136,48,1,6847.53,0
1858,60,2,28505.41,15
804,32,1,14979.4,0
804,85,1,415.03,0
804,7,1,66375.88,0
676,28,1,11576.2,15
676,100,1,14295.27,15
1075,28,1,11277.58,0
1075,125,1,27671.1,0
1075,124,1,13080.79,10
914,144,1,1692.87,0
914,141,2,3061.16,0
1892,16,1,44722.0,0
1892,54,1,3996.81,0
1932,17,1,7906.03,15
1674,143,1,2007.32,10
1674,46,2,1293.58,10
1608,121,3,25543.59,15
1608,34,1,2935.51,15
2208,91,1,6082.52,0
2208,59,1,24304.38,0
2208,19,1,5886.67,0
1628,76,1,3884.01,0
1628,121,1,26630.79,0
638,126,1,8892.1,10
2276,44,1,6988.99,10
1843,82,1,3156.14,15
1843,134,2,2374.47,15
2446,96,2,1870.31,15
1185,65,1,1086.4,10
554,61,1,22964.28,10
929,67,1,4621.27,10
1328,91,1,5518.51,0
656,107,1,10266.3,5
656,129,1,3173.62,0
1378,20,1,12504.68,0
1378,104,1,2046.73,0
1086,133,1,3014.35,10
1680,72,1,14473.71,10
2346,134,1,2526.11,0
2346,82,2,3148.2,0
2371,8,3,17424.07,20
2371,32,2,14797.99,20
2286,93,1,4305.4,15
2286,56,1,9114.98,15
1862,91,3,5781.39,0
2265,46,1,1350.0,0
2340,87,2,2554.6,10
1335,117,3,17496.8,20
1335,132,1,599.06,20
669,22,2,1179.01,0
669,80,1,1317.3,0
669,73,2,1417.93,0
673,62,1,10096.98,15
673,122,1,27247.21,15
673,141,2,3257.79,15
673,47,2,6882.93,15
2771,53,1,7946.0,0
845,135,1,1321.51,0
845,39,1,6857.07,0
845,15,2,44236.69,0
845,104,1,2070.34,0
2448,53,1,7988.8,0
2448,67,1,4403.8,0
415,73,1,1493.73,15
67,105,1,490.41,0
67,59,1,24253.5,0
17,109,1,9587.8,0
17,73,1,1383.96,0
959,94,2,13310.62,0
959,3,1,14811.61,0
959,46,2,1245.81,0
915,100,1,13585.63,10
915,31,1,7549.7,10
915,68,1,27417.88,10
883,13,1,35598.39,0
2716,24,1,5839.35,0
2716,56,1,9414.47,0
660,107,1,9965.39,15
430,40,1,3501.7,0
2697,53,1,8621.87,10
2288,100,2,14962.93,0
1350,73,1,1425.02,10
2206,48,1,6834.03,0
698,133,1,3234.25,0
1287,110,1,18203.73,0
1287,36,1,13476.02,0
1287,54,1,4071.7,0
1287,88,1,2941.84,0
2088,72,1,15865.45,5
691,129,2,3347.59,0
763,122,1,25831.03,0
763,6,1,5018.6,0
763,5,1,48455.73,0
763,38,1,6127.97,0
2194,112,1,3126.02,0
2194,70,2,11944.66,0
2194,36,1,14054.18,0
1982,43,1,2960.69,0
1600,97,1,14543.7,0
2254,140,2,2609.57,0
2254,131,1,2146.3,0
2254,110,1,18569.74,0
2086,136,1,2733.44,0
1865,3,2,14192.66,0
2281,39,1,6972.54,0
2281,53,2,8669.61,0
2469,74,1,2807.92,0
2575,94,2,13564.79,0
2575,142,1,1444.08,0
2687,67,1,4176.32,0
2687,72,1,16584.04,0
2839,109,1,9179.04,10
2717,51,1,498.83,0
2717,98,1,6047.23,0
95,21,2,2690.86,10
2362,144,2,1689.48,15
2362,141,1,3256.03,15
231,117,1,16640.54,0
231,113,1,8512.49,0
231,45,1,7579.31,0
231,22,1,1210.86,0
1453,72,1,15704.86,20
1633,27,1,17291.14,0
2655,141,1,3261.31,0
2655,17,2,8726.96,0
2655,110,1,19025.04,0
2655,58,2,19360.35,0
2666,56,1,8830.5,15
2666,17,2,8712.12,15
2644,69,1,16090.25,0
2644,81,1,1711.66,0
727,102,1,2981.01,20
727,143,3,2130.78,20
2452,94,1,13290.73,10
177,109,2,10104.69,0
814,106,1,9502.71,10
814,40,1,3475.27,10
2408,89,1,3404.43,15
2408,12,1,23382.48,15
2344,140,1,2577.43,0
2439,107,1,9942.82,0
2467,139,2,3013.97,0
2323,84,1,1648.68,10
2826,18,1,72688.35,20
2826,25,1,9554.38,20
311,65,2,1078.22,5
2017,11,3,49914.6,15
2017,49,2,5196.63,15
2017,30,1,1399.62,15
2017,45,1,7543.21,15
1154,55,1,7252.73,0
1154,86,2,3082.99,0
1154,56,1,9527.76,0
175,11,1,44909.35,15
2429,2,1,59861.78,10
213,45,1,7941.89,0
605,82,1,2800.47,0
3,72,1,15486.82,0
419,50,2,478.08,0
419,65,1,1164.13,0
539,143,1,2079.01,0
358,2,1,56949.82,0
358,42,1,3188.73,0
222,130,1,1934.95,15
277,52,1,3079.02,0
277,25,1,10678.33,0
1227,120,1,17626.09,15
688,88,1,3061.41,5
642,109,1,9804.84,0
642,33,1,5285.12,0
642,87,1,2322.76,0
2,130,1,2204.84,0
2,9,1,25130.1,0
2105,97,2,14039.69,15
144,101,1,11093.7,0
144,140,1,2478.93,0
144,53,3,8059.1,0
321,85,1,425.29,0
321,114,1,27116.22,0
135,25,3,10728.63,0
1423,98,1,6087.63,0
1423,89,1,3130.67,0
1092,14,1,18115.76,0
303,45,2,7912.85,20
303,134,2,2439.21,20
303,89,1,3283.0,20
413,136,1,3024.72,0
337,62,1,10410.67,20
337,64,1,26172.75,20
208,131,1,2148.25,15
447,8,2,16710.55,0
630,118,2,6048.67,0
352,16,1,48470.32,0
2825,70,1,10979.9,20
2825,75,1,479.8,20
474,62,3,9935.56,0
2095,111,1,17741.65,0
2095,134,2,2476.27,0
2096,131,1,2299.16,0
2172,17,1,8402.39,0
2853,50,1,486.23,0
2853,65,1,1121.58,0
2765,135,1,1257.1,0
2485,95,1,8720.76,0
1379,138,1,1978.6,10
493,23,1,5449.25,20
2365,40,1,3432.47,15
397,23,1,5314.47,0
